--
-- PostgreSQL database dump
--

\restrict 3G3ffL2qjmk6PSv2GoURgG05g6m1XaCiA4CxXdJSy6ewugfeLQUMXzZXhKCNbWC

-- Dumped from database version 17.6
-- Dumped by pg_dump version 17.6

SET statement_timeout = 0;
SET lock_timeout = 0;
SET idle_in_transaction_session_timeout = 0;
SET transaction_timeout = 0;
SET client_encoding = 'UTF8';
SET standard_conforming_strings = on;
SELECT pg_catalog.set_config('search_path', '', false);
SET check_function_bodies = false;
SET xmloption = content;
SET client_min_messages = warning;
SET row_security = off;

SET default_tablespace = '';

SET default_table_access_method = heap;

--
-- Name: address; Type: TABLE; Schema: public; Owner: postgres
--

CREATE TABLE public.address (
    address_id integer NOT NULL,
    street_house_building_no character varying(255),
    barangay_id integer,
    user_id integer NOT NULL,
    is_default boolean DEFAULT false
);


ALTER TABLE public.address OWNER TO postgres;

--
-- Name: address_address_id_seq; Type: SEQUENCE; Schema: public; Owner: postgres
--

CREATE SEQUENCE public.address_address_id_seq
    AS integer
    START WITH 1
    INCREMENT BY 1
    NO MINVALUE
    NO MAXVALUE
    CACHE 1;


ALTER SEQUENCE public.address_address_id_seq OWNER TO postgres;

--
-- Name: address_address_id_seq; Type: SEQUENCE OWNED BY; Schema: public; Owner: postgres
--

ALTER SEQUENCE public.address_address_id_seq OWNED BY public.address.address_id;


--
-- Name: auth_group; Type: TABLE; Schema: public; Owner: postgres
--

CREATE TABLE public.auth_group (
    id integer NOT NULL,
    name character varying(150) NOT NULL
);


ALTER TABLE public.auth_group OWNER TO postgres;

--
-- Name: auth_group_id_seq; Type: SEQUENCE; Schema: public; Owner: postgres
--

ALTER TABLE public.auth_group ALTER COLUMN id ADD GENERATED BY DEFAULT AS IDENTITY (
    SEQUENCE NAME public.auth_group_id_seq
    START WITH 1
    INCREMENT BY 1
    NO MINVALUE
    NO MAXVALUE
    CACHE 1
);


--
-- Name: auth_group_permissions; Type: TABLE; Schema: public; Owner: postgres
--

CREATE TABLE public.auth_group_permissions (
    id bigint NOT NULL,
    group_id integer NOT NULL,
    permission_id integer NOT NULL
);


ALTER TABLE public.auth_group_permissions OWNER TO postgres;

--
-- Name: auth_group_permissions_id_seq; Type: SEQUENCE; Schema: public; Owner: postgres
--

ALTER TABLE public.auth_group_permissions ALTER COLUMN id ADD GENERATED BY DEFAULT AS IDENTITY (
    SEQUENCE NAME public.auth_group_permissions_id_seq
    START WITH 1
    INCREMENT BY 1
    NO MINVALUE
    NO MAXVALUE
    CACHE 1
);


--
-- Name: auth_permission; Type: TABLE; Schema: public; Owner: postgres
--

CREATE TABLE public.auth_permission (
    id integer NOT NULL,
    name character varying(255) NOT NULL,
    content_type_id integer NOT NULL,
    codename character varying(100) NOT NULL
);


ALTER TABLE public.auth_permission OWNER TO postgres;

--
-- Name: auth_permission_id_seq; Type: SEQUENCE; Schema: public; Owner: postgres
--

ALTER TABLE public.auth_permission ALTER COLUMN id ADD GENERATED BY DEFAULT AS IDENTITY (
    SEQUENCE NAME public.auth_permission_id_seq
    START WITH 1
    INCREMENT BY 1
    NO MINVALUE
    NO MAXVALUE
    CACHE 1
);


--
-- Name: barangay; Type: TABLE; Schema: public; Owner: postgres
--

CREATE TABLE public.barangay (
    barangay_id integer NOT NULL,
    name character varying(255) NOT NULL,
    municipality_id integer
);


ALTER TABLE public.barangay OWNER TO postgres;

--
-- Name: barangay_barangay_id_seq; Type: SEQUENCE; Schema: public; Owner: postgres
--

CREATE SEQUENCE public.barangay_barangay_id_seq
    AS integer
    START WITH 1
    INCREMENT BY 1
    NO MINVALUE
    NO MAXVALUE
    CACHE 1;


ALTER SEQUENCE public.barangay_barangay_id_seq OWNER TO postgres;

--
-- Name: barangay_barangay_id_seq; Type: SEQUENCE OWNED BY; Schema: public; Owner: postgres
--

ALTER SEQUENCE public.barangay_barangay_id_seq OWNED BY public.barangay.barangay_id;


--
-- Name: brand; Type: TABLE; Schema: public; Owner: postgres
--

CREATE TABLE public.brand (
    brand_id integer NOT NULL,
    name character varying(255) NOT NULL,
    description character varying(255)
);


ALTER TABLE public.brand OWNER TO postgres;

--
-- Name: brand_brand_id_seq; Type: SEQUENCE; Schema: public; Owner: postgres
--

CREATE SEQUENCE public.brand_brand_id_seq
    AS integer
    START WITH 1
    INCREMENT BY 1
    NO MINVALUE
    NO MAXVALUE
    CACHE 1;


ALTER SEQUENCE public.brand_brand_id_seq OWNER TO postgres;

--
-- Name: brand_brand_id_seq; Type: SEQUENCE OWNED BY; Schema: public; Owner: postgres
--

ALTER SEQUENCE public.brand_brand_id_seq OWNED BY public.brand.brand_id;


--
-- Name: car_models; Type: TABLE; Schema: public; Owner: postgres
--

CREATE TABLE public.car_models (
    model_id integer NOT NULL,
    car_id integer NOT NULL,
    model_name character varying(255) NOT NULL
);


ALTER TABLE public.car_models OWNER TO postgres;

--
-- Name: car_models_model_id_seq; Type: SEQUENCE; Schema: public; Owner: postgres
--

CREATE SEQUENCE public.car_models_model_id_seq
    AS integer
    START WITH 1
    INCREMENT BY 1
    NO MINVALUE
    NO MAXVALUE
    CACHE 1;


ALTER SEQUENCE public.car_models_model_id_seq OWNER TO postgres;

--
-- Name: car_models_model_id_seq; Type: SEQUENCE OWNED BY; Schema: public; Owner: postgres
--

ALTER SEQUENCE public.car_models_model_id_seq OWNED BY public.car_models.model_id;


--
-- Name: cars; Type: TABLE; Schema: public; Owner: postgres
--

CREATE TABLE public.cars (
    car_id integer NOT NULL,
    make character varying(255) NOT NULL
);


ALTER TABLE public.cars OWNER TO postgres;

--
-- Name: cars_car_id_seq; Type: SEQUENCE; Schema: public; Owner: postgres
--

CREATE SEQUENCE public.cars_car_id_seq
    AS integer
    START WITH 1
    INCREMENT BY 1
    NO MINVALUE
    NO MAXVALUE
    CACHE 1;


ALTER SEQUENCE public.cars_car_id_seq OWNER TO postgres;

--
-- Name: cars_car_id_seq; Type: SEQUENCE OWNED BY; Schema: public; Owner: postgres
--

ALTER SEQUENCE public.cars_car_id_seq OWNED BY public.cars.car_id;


--
-- Name: category; Type: TABLE; Schema: public; Owner: postgres
--

CREATE TABLE public.category (
    category_id integer NOT NULL,
    name character varying(255) NOT NULL,
    description character varying(255)
);


ALTER TABLE public.category OWNER TO postgres;

--
-- Name: category_category_id_seq; Type: SEQUENCE; Schema: public; Owner: postgres
--

CREATE SEQUENCE public.category_category_id_seq
    AS integer
    START WITH 1
    INCREMENT BY 1
    NO MINVALUE
    NO MAXVALUE
    CACHE 1;


ALTER SEQUENCE public.category_category_id_seq OWNER TO postgres;

--
-- Name: category_category_id_seq; Type: SEQUENCE OWNED BY; Schema: public; Owner: postgres
--

ALTER SEQUENCE public.category_category_id_seq OWNED BY public.category.category_id;


--
-- Name: condition_item; Type: TABLE; Schema: public; Owner: postgres
--

CREATE TABLE public.condition_item (
    condition_id integer NOT NULL,
    name character varying(255) NOT NULL
);


ALTER TABLE public.condition_item OWNER TO postgres;

--
-- Name: condition_item_condition_id_seq; Type: SEQUENCE; Schema: public; Owner: postgres
--

CREATE SEQUENCE public.condition_item_condition_id_seq
    AS integer
    START WITH 1
    INCREMENT BY 1
    NO MINVALUE
    NO MAXVALUE
    CACHE 1;


ALTER SEQUENCE public.condition_item_condition_id_seq OWNER TO postgres;

--
-- Name: condition_item_condition_id_seq; Type: SEQUENCE OWNED BY; Schema: public; Owner: postgres
--

ALTER SEQUENCE public.condition_item_condition_id_seq OWNED BY public.condition_item.condition_id;


--
-- Name: courier; Type: TABLE; Schema: public; Owner: postgres
--

CREATE TABLE public.courier (
    courier_id integer NOT NULL,
    name character varying(255) NOT NULL
);


ALTER TABLE public.courier OWNER TO postgres;

--
-- Name: courier_courier_id_seq; Type: SEQUENCE; Schema: public; Owner: postgres
--

CREATE SEQUENCE public.courier_courier_id_seq
    AS integer
    START WITH 1
    INCREMENT BY 1
    NO MINVALUE
    NO MAXVALUE
    CACHE 1;


ALTER SEQUENCE public.courier_courier_id_seq OWNER TO postgres;

--
-- Name: courier_courier_id_seq; Type: SEQUENCE OWNED BY; Schema: public; Owner: postgres
--

ALTER SEQUENCE public.courier_courier_id_seq OWNED BY public.courier.courier_id;


--
-- Name: customer; Type: TABLE; Schema: public; Owner: postgres
--

CREATE TABLE public.customer (
    customer_id integer NOT NULL,
    name character varying(255) NOT NULL,
    contact_number character varying(20),
    address_id integer
);


ALTER TABLE public.customer OWNER TO postgres;

--
-- Name: customer_customer_id_seq; Type: SEQUENCE; Schema: public; Owner: postgres
--

CREATE SEQUENCE public.customer_customer_id_seq
    AS integer
    START WITH 1
    INCREMENT BY 1
    NO MINVALUE
    NO MAXVALUE
    CACHE 1;


ALTER SEQUENCE public.customer_customer_id_seq OWNER TO postgres;

--
-- Name: customer_customer_id_seq; Type: SEQUENCE OWNED BY; Schema: public; Owner: postgres
--

ALTER SEQUENCE public.customer_customer_id_seq OWNED BY public.customer.customer_id;


--
-- Name: delivery; Type: TABLE; Schema: public; Owner: postgres
--

CREATE TABLE public.delivery (
    delivery_id integer NOT NULL,
    sale_id integer,
    courier_id integer,
    address_id integer,
    delivery_fee integer,
    overall_total integer NOT NULL,
    date date,
    status_id integer,
    tracking_number character varying(255)
);


ALTER TABLE public.delivery OWNER TO postgres;

--
-- Name: delivery_delivery_id_seq; Type: SEQUENCE; Schema: public; Owner: postgres
--

CREATE SEQUENCE public.delivery_delivery_id_seq
    AS integer
    START WITH 1
    INCREMENT BY 1
    NO MINVALUE
    NO MAXVALUE
    CACHE 1;


ALTER SEQUENCE public.delivery_delivery_id_seq OWNER TO postgres;

--
-- Name: delivery_delivery_id_seq; Type: SEQUENCE OWNED BY; Schema: public; Owner: postgres
--

ALTER SEQUENCE public.delivery_delivery_id_seq OWNED BY public.delivery.delivery_id;


--
-- Name: delivery_history; Type: TABLE; Schema: public; Owner: postgres
--

CREATE TABLE public.delivery_history (
    history_id bigint NOT NULL,
    delivery_id integer NOT NULL,
    status_id integer NOT NULL,
    timestamp_changed timestamp with time zone DEFAULT CURRENT_TIMESTAMP,
    user_id integer,
    location_details character varying(255)
);


ALTER TABLE public.delivery_history OWNER TO postgres;

--
-- Name: delivery_history_history_id_seq; Type: SEQUENCE; Schema: public; Owner: postgres
--

CREATE SEQUENCE public.delivery_history_history_id_seq
    START WITH 1
    INCREMENT BY 1
    NO MINVALUE
    NO MAXVALUE
    CACHE 1;


ALTER SEQUENCE public.delivery_history_history_id_seq OWNER TO postgres;

--
-- Name: delivery_history_history_id_seq; Type: SEQUENCE OWNED BY; Schema: public; Owner: postgres
--

ALTER SEQUENCE public.delivery_history_history_id_seq OWNED BY public.delivery_history.history_id;


--
-- Name: delivery_statuses; Type: TABLE; Schema: public; Owner: postgres
--

CREATE TABLE public.delivery_statuses (
    status_id integer NOT NULL,
    status_name character varying(100) NOT NULL,
    description text,
    sequence_order integer NOT NULL
);


ALTER TABLE public.delivery_statuses OWNER TO postgres;

--
-- Name: delivery_statuses_status_id_seq; Type: SEQUENCE; Schema: public; Owner: postgres
--

CREATE SEQUENCE public.delivery_statuses_status_id_seq
    AS integer
    START WITH 1
    INCREMENT BY 1
    NO MINVALUE
    NO MAXVALUE
    CACHE 1;


ALTER SEQUENCE public.delivery_statuses_status_id_seq OWNER TO postgres;

--
-- Name: delivery_statuses_status_id_seq; Type: SEQUENCE OWNED BY; Schema: public; Owner: postgres
--

ALTER SEQUENCE public.delivery_statuses_status_id_seq OWNED BY public.delivery_statuses.status_id;


--
-- Name: django_admin_log; Type: TABLE; Schema: public; Owner: postgres
--

CREATE TABLE public.django_admin_log (
    id integer NOT NULL,
    action_time timestamp with time zone NOT NULL,
    object_id text,
    object_repr character varying(200) NOT NULL,
    action_flag smallint NOT NULL,
    change_message text NOT NULL,
    content_type_id integer,
    user_id integer NOT NULL,
    CONSTRAINT django_admin_log_action_flag_check CHECK ((action_flag >= 0))
);


ALTER TABLE public.django_admin_log OWNER TO postgres;

--
-- Name: django_admin_log_id_seq; Type: SEQUENCE; Schema: public; Owner: postgres
--

ALTER TABLE public.django_admin_log ALTER COLUMN id ADD GENERATED BY DEFAULT AS IDENTITY (
    SEQUENCE NAME public.django_admin_log_id_seq
    START WITH 1
    INCREMENT BY 1
    NO MINVALUE
    NO MAXVALUE
    CACHE 1
);


--
-- Name: django_content_type; Type: TABLE; Schema: public; Owner: postgres
--

CREATE TABLE public.django_content_type (
    id integer NOT NULL,
    app_label character varying(100) NOT NULL,
    model character varying(100) NOT NULL
);


ALTER TABLE public.django_content_type OWNER TO postgres;

--
-- Name: django_content_type_id_seq; Type: SEQUENCE; Schema: public; Owner: postgres
--

ALTER TABLE public.django_content_type ALTER COLUMN id ADD GENERATED BY DEFAULT AS IDENTITY (
    SEQUENCE NAME public.django_content_type_id_seq
    START WITH 1
    INCREMENT BY 1
    NO MINVALUE
    NO MAXVALUE
    CACHE 1
);


--
-- Name: django_migrations; Type: TABLE; Schema: public; Owner: postgres
--

CREATE TABLE public.django_migrations (
    id bigint NOT NULL,
    app character varying(255) NOT NULL,
    name character varying(255) NOT NULL,
    applied timestamp with time zone NOT NULL
);


ALTER TABLE public.django_migrations OWNER TO postgres;

--
-- Name: django_migrations_id_seq; Type: SEQUENCE; Schema: public; Owner: postgres
--

ALTER TABLE public.django_migrations ALTER COLUMN id ADD GENERATED BY DEFAULT AS IDENTITY (
    SEQUENCE NAME public.django_migrations_id_seq
    START WITH 1
    INCREMENT BY 1
    NO MINVALUE
    NO MAXVALUE
    CACHE 1
);


--
-- Name: django_session; Type: TABLE; Schema: public; Owner: postgres
--

CREATE TABLE public.django_session (
    session_key character varying(40) NOT NULL,
    session_data text NOT NULL,
    expire_date timestamp with time zone NOT NULL
);


ALTER TABLE public.django_session OWNER TO postgres;

--
-- Name: merchant; Type: TABLE; Schema: public; Owner: postgres
--

CREATE TABLE public.merchant (
    merchant_id integer NOT NULL,
    name character varying(255) NOT NULL
);


ALTER TABLE public.merchant OWNER TO postgres;

--
-- Name: merchant_merchant_id_seq; Type: SEQUENCE; Schema: public; Owner: postgres
--

CREATE SEQUENCE public.merchant_merchant_id_seq
    AS integer
    START WITH 1
    INCREMENT BY 1
    NO MINVALUE
    NO MAXVALUE
    CACHE 1;


ALTER SEQUENCE public.merchant_merchant_id_seq OWNER TO postgres;

--
-- Name: merchant_merchant_id_seq; Type: SEQUENCE OWNED BY; Schema: public; Owner: postgres
--

ALTER SEQUENCE public.merchant_merchant_id_seq OWNED BY public.merchant.merchant_id;


--
-- Name: mode_payment; Type: TABLE; Schema: public; Owner: postgres
--

CREATE TABLE public.mode_payment (
    payment_id integer NOT NULL,
    merchant_id integer,
    sale_id integer,
    ref character varying(255)
);


ALTER TABLE public.mode_payment OWNER TO postgres;

--
-- Name: mode_payment_payment_id_seq; Type: SEQUENCE; Schema: public; Owner: postgres
--

CREATE SEQUENCE public.mode_payment_payment_id_seq
    AS integer
    START WITH 1
    INCREMENT BY 1
    NO MINVALUE
    NO MAXVALUE
    CACHE 1;


ALTER SEQUENCE public.mode_payment_payment_id_seq OWNER TO postgres;

--
-- Name: mode_payment_payment_id_seq; Type: SEQUENCE OWNED BY; Schema: public; Owner: postgres
--

ALTER SEQUENCE public.mode_payment_payment_id_seq OWNED BY public.mode_payment.payment_id;


--
-- Name: municipality; Type: TABLE; Schema: public; Owner: postgres
--

CREATE TABLE public.municipality (
    municipality_id integer NOT NULL,
    name character varying(255) NOT NULL,
    postal_code character varying(20),
    province_id integer
);


ALTER TABLE public.municipality OWNER TO postgres;

--
-- Name: municipality_municipality_id_seq; Type: SEQUENCE; Schema: public; Owner: postgres
--

CREATE SEQUENCE public.municipality_municipality_id_seq
    AS integer
    START WITH 1
    INCREMENT BY 1
    NO MINVALUE
    NO MAXVALUE
    CACHE 1;


ALTER SEQUENCE public.municipality_municipality_id_seq OWNER TO postgres;

--
-- Name: municipality_municipality_id_seq; Type: SEQUENCE OWNED BY; Schema: public; Owner: postgres
--

ALTER SEQUENCE public.municipality_municipality_id_seq OWNED BY public.municipality.municipality_id;


--
-- Name: otp_email_emaildevice; Type: TABLE; Schema: public; Owner: postgres
--

CREATE TABLE public.otp_email_emaildevice (
    id integer NOT NULL,
    name character varying(64) NOT NULL,
    confirmed boolean NOT NULL,
    user_id integer NOT NULL,
    token character varying(16),
    valid_until timestamp with time zone NOT NULL,
    email character varying(254),
    throttling_failure_count integer NOT NULL,
    throttling_failure_timestamp timestamp with time zone,
    last_generated_timestamp timestamp with time zone,
    created_at timestamp with time zone,
    last_used_at timestamp with time zone,
    CONSTRAINT otp_email_emaildevice_throttling_failure_count_check CHECK ((throttling_failure_count >= 0))
);


ALTER TABLE public.otp_email_emaildevice OWNER TO postgres;

--
-- Name: otp_email_emaildevice_id_seq; Type: SEQUENCE; Schema: public; Owner: postgres
--

ALTER TABLE public.otp_email_emaildevice ALTER COLUMN id ADD GENERATED BY DEFAULT AS IDENTITY (
    SEQUENCE NAME public.otp_email_emaildevice_id_seq
    START WITH 1
    INCREMENT BY 1
    NO MINVALUE
    NO MAXVALUE
    CACHE 1
);


--
-- Name: product; Type: TABLE; Schema: public; Owner: postgres
--

CREATE TABLE public.product (
    product_id integer NOT NULL,
    name character varying(255) NOT NULL,
    description character varying(255),
    brand_id integer,
    category_id integer,
    purchase_price integer,
    selling_price integer,
    quantity integer
);


ALTER TABLE public.product OWNER TO postgres;

--
-- Name: product_car_compatibility; Type: TABLE; Schema: public; Owner: postgres
--

CREATE TABLE public.product_car_compatibility (
    product_id integer NOT NULL,
    model_id integer NOT NULL,
    start_year_id integer NOT NULL,
    end_year_id integer NOT NULL
);


ALTER TABLE public.product_car_compatibility OWNER TO postgres;

--
-- Name: product_product_id_seq; Type: SEQUENCE; Schema: public; Owner: postgres
--

CREATE SEQUENCE public.product_product_id_seq
    AS integer
    START WITH 1
    INCREMENT BY 1
    NO MINVALUE
    NO MAXVALUE
    CACHE 1;


ALTER SEQUENCE public.product_product_id_seq OWNER TO postgres;

--
-- Name: product_product_id_seq; Type: SEQUENCE OWNED BY; Schema: public; Owner: postgres
--

ALTER SEQUENCE public.product_product_id_seq OWNED BY public.product.product_id;


--
-- Name: product_years; Type: TABLE; Schema: public; Owner: postgres
--

CREATE TABLE public.product_years (
    year_id integer NOT NULL,
    year integer NOT NULL
);


ALTER TABLE public.product_years OWNER TO postgres;

--
-- Name: product_years_year_id_seq; Type: SEQUENCE; Schema: public; Owner: postgres
--

CREATE SEQUENCE public.product_years_year_id_seq
    AS integer
    START WITH 1
    INCREMENT BY 1
    NO MINVALUE
    NO MAXVALUE
    CACHE 1;


ALTER SEQUENCE public.product_years_year_id_seq OWNER TO postgres;

--
-- Name: product_years_year_id_seq; Type: SEQUENCE OWNED BY; Schema: public; Owner: postgres
--

ALTER SEQUENCE public.product_years_year_id_seq OWNED BY public.product_years.year_id;


--
-- Name: province; Type: TABLE; Schema: public; Owner: postgres
--

CREATE TABLE public.province (
    province_id integer NOT NULL,
    name character varying(255) NOT NULL,
    region_id integer
);


ALTER TABLE public.province OWNER TO postgres;

--
-- Name: province_province_id_seq; Type: SEQUENCE; Schema: public; Owner: postgres
--

CREATE SEQUENCE public.province_province_id_seq
    AS integer
    START WITH 1
    INCREMENT BY 1
    NO MINVALUE
    NO MAXVALUE
    CACHE 1;


ALTER SEQUENCE public.province_province_id_seq OWNER TO postgres;

--
-- Name: province_province_id_seq; Type: SEQUENCE OWNED BY; Schema: public; Owner: postgres
--

ALTER SEQUENCE public.province_province_id_seq OWNED BY public.province.province_id;


--
-- Name: region; Type: TABLE; Schema: public; Owner: postgres
--

CREATE TABLE public.region (
    region_id integer NOT NULL,
    name character varying(255) NOT NULL
);


ALTER TABLE public.region OWNER TO postgres;

--
-- Name: region_region_id_seq; Type: SEQUENCE; Schema: public; Owner: postgres
--

CREATE SEQUENCE public.region_region_id_seq
    AS integer
    START WITH 1
    INCREMENT BY 1
    NO MINVALUE
    NO MAXVALUE
    CACHE 1;


ALTER SEQUENCE public.region_region_id_seq OWNER TO postgres;

--
-- Name: region_region_id_seq; Type: SEQUENCE OWNED BY; Schema: public; Owner: postgres
--

ALTER SEQUENCE public.region_region_id_seq OWNED BY public.region.region_id;


--
-- Name: return_item; Type: TABLE; Schema: public; Owner: postgres
--

CREATE TABLE public.return_item (
    return_id integer NOT NULL,
    sale_id integer,
    product_id integer,
    quantity integer,
    reason character varying(255),
    date date
);


ALTER TABLE public.return_item OWNER TO postgres;

--
-- Name: return_item_return_id_seq; Type: SEQUENCE; Schema: public; Owner: postgres
--

CREATE SEQUENCE public.return_item_return_id_seq
    AS integer
    START WITH 1
    INCREMENT BY 1
    NO MINVALUE
    NO MAXVALUE
    CACHE 1;


ALTER SEQUENCE public.return_item_return_id_seq OWNER TO postgres;

--
-- Name: return_item_return_id_seq; Type: SEQUENCE OWNED BY; Schema: public; Owner: postgres
--

ALTER SEQUENCE public.return_item_return_id_seq OWNED BY public.return_item.return_id;


--
-- Name: role_type; Type: TABLE; Schema: public; Owner: postgres
--

CREATE TABLE public.role_type (
    role_id integer NOT NULL,
    title character varying(100) NOT NULL
);


ALTER TABLE public.role_type OWNER TO postgres;

--
-- Name: role_type_role_id_seq; Type: SEQUENCE; Schema: public; Owner: postgres
--

CREATE SEQUENCE public.role_type_role_id_seq
    AS integer
    START WITH 1
    INCREMENT BY 1
    NO MINVALUE
    NO MAXVALUE
    CACHE 1;


ALTER SEQUENCE public.role_type_role_id_seq OWNER TO postgres;

--
-- Name: role_type_role_id_seq; Type: SEQUENCE OWNED BY; Schema: public; Owner: postgres
--

ALTER SEQUENCE public.role_type_role_id_seq OWNED BY public.role_type.role_id;


--
-- Name: sale; Type: TABLE; Schema: public; Owner: postgres
--

CREATE TABLE public.sale (
    sale_id integer NOT NULL,
    customer_id integer,
    user_id integer,
    total_amount integer,
    payment_type character varying(255),
    date date
);


ALTER TABLE public.sale OWNER TO postgres;

--
-- Name: sale_details; Type: TABLE; Schema: public; Owner: postgres
--

CREATE TABLE public.sale_details (
    sale_detail_id integer NOT NULL,
    sale_id integer,
    product_id integer,
    quantity integer,
    selling_price integer,
    sub_total integer
);


ALTER TABLE public.sale_details OWNER TO postgres;

--
-- Name: sale_details_sale_detail_id_seq; Type: SEQUENCE; Schema: public; Owner: postgres
--

CREATE SEQUENCE public.sale_details_sale_detail_id_seq
    AS integer
    START WITH 1
    INCREMENT BY 1
    NO MINVALUE
    NO MAXVALUE
    CACHE 1;


ALTER SEQUENCE public.sale_details_sale_detail_id_seq OWNER TO postgres;

--
-- Name: sale_details_sale_detail_id_seq; Type: SEQUENCE OWNED BY; Schema: public; Owner: postgres
--

ALTER SEQUENCE public.sale_details_sale_detail_id_seq OWNED BY public.sale_details.sale_detail_id;


--
-- Name: sale_sale_id_seq; Type: SEQUENCE; Schema: public; Owner: postgres
--

CREATE SEQUENCE public.sale_sale_id_seq
    AS integer
    START WITH 1
    INCREMENT BY 1
    NO MINVALUE
    NO MAXVALUE
    CACHE 1;


ALTER SEQUENCE public.sale_sale_id_seq OWNER TO postgres;

--
-- Name: sale_sale_id_seq; Type: SEQUENCE OWNED BY; Schema: public; Owner: postgres
--

ALTER SEQUENCE public.sale_sale_id_seq OWNED BY public.sale.sale_id;


--
-- Name: status_type; Type: TABLE; Schema: public; Owner: postgres
--

CREATE TABLE public.status_type (
    status_id integer NOT NULL,
    title character varying(255) NOT NULL
);


ALTER TABLE public.status_type OWNER TO postgres;

--
-- Name: status_type_status_id_seq; Type: SEQUENCE; Schema: public; Owner: postgres
--

CREATE SEQUENCE public.status_type_status_id_seq
    AS integer
    START WITH 1
    INCREMENT BY 1
    NO MINVALUE
    NO MAXVALUE
    CACHE 1;


ALTER SEQUENCE public.status_type_status_id_seq OWNER TO postgres;

--
-- Name: status_type_status_id_seq; Type: SEQUENCE OWNED BY; Schema: public; Owner: postgres
--

ALTER SEQUENCE public.status_type_status_id_seq OWNED BY public.status_type.status_id;


--
-- Name: supplier; Type: TABLE; Schema: public; Owner: postgres
--

CREATE TABLE public.supplier (
    supplier_id integer NOT NULL,
    name character varying(255) NOT NULL,
    contact_number character varying(20),
    address character varying(255)
);


ALTER TABLE public.supplier OWNER TO postgres;

--
-- Name: supplier_email; Type: TABLE; Schema: public; Owner: postgres
--

CREATE TABLE public.supplier_email (
    email_id integer NOT NULL,
    email character varying(255),
    supplier_id integer
);


ALTER TABLE public.supplier_email OWNER TO postgres;

--
-- Name: supplier_email_email_id_seq; Type: SEQUENCE; Schema: public; Owner: postgres
--

CREATE SEQUENCE public.supplier_email_email_id_seq
    AS integer
    START WITH 1
    INCREMENT BY 1
    NO MINVALUE
    NO MAXVALUE
    CACHE 1;


ALTER SEQUENCE public.supplier_email_email_id_seq OWNER TO postgres;

--
-- Name: supplier_email_email_id_seq; Type: SEQUENCE OWNED BY; Schema: public; Owner: postgres
--

ALTER SEQUENCE public.supplier_email_email_id_seq OWNED BY public.supplier_email.email_id;


--
-- Name: supplier_supplier_id_seq; Type: SEQUENCE; Schema: public; Owner: postgres
--

CREATE SEQUENCE public.supplier_supplier_id_seq
    AS integer
    START WITH 1
    INCREMENT BY 1
    NO MINVALUE
    NO MAXVALUE
    CACHE 1;


ALTER SEQUENCE public.supplier_supplier_id_seq OWNER TO postgres;

--
-- Name: supplier_supplier_id_seq; Type: SEQUENCE OWNED BY; Schema: public; Owner: postgres
--

ALTER SEQUENCE public.supplier_supplier_id_seq OWNED BY public.supplier.supplier_id;


--
-- Name: supply; Type: TABLE; Schema: public; Owner: postgres
--

CREATE TABLE public.supply (
    supply_id integer NOT NULL,
    user_id integer,
    supplier_id integer,
    total_cost numeric(10,2),
    receipt_number text NOT NULL,
    date date
);


ALTER TABLE public.supply OWNER TO postgres;

--
-- Name: supply_details; Type: TABLE; Schema: public; Owner: postgres
--

CREATE TABLE public.supply_details (
    id integer NOT NULL,
    supply_id integer,
    product_id integer,
    quantity integer,
    price integer,
    sub_total numeric(10,2),
    condition_id integer
);


ALTER TABLE public.supply_details OWNER TO postgres;

--
-- Name: supply_details_id_seq; Type: SEQUENCE; Schema: public; Owner: postgres
--

CREATE SEQUENCE public.supply_details_id_seq
    AS integer
    START WITH 1
    INCREMENT BY 1
    NO MINVALUE
    NO MAXVALUE
    CACHE 1;


ALTER SEQUENCE public.supply_details_id_seq OWNER TO postgres;

--
-- Name: supply_details_id_seq; Type: SEQUENCE OWNED BY; Schema: public; Owner: postgres
--

ALTER SEQUENCE public.supply_details_id_seq OWNED BY public.supply_details.id;


--
-- Name: supply_supply_id_seq; Type: SEQUENCE; Schema: public; Owner: postgres
--

CREATE SEQUENCE public.supply_supply_id_seq
    AS integer
    START WITH 1
    INCREMENT BY 1
    NO MINVALUE
    NO MAXVALUE
    CACHE 1;


ALTER SEQUENCE public.supply_supply_id_seq OWNER TO postgres;

--
-- Name: supply_supply_id_seq; Type: SEQUENCE OWNED BY; Schema: public; Owner: postgres
--

ALTER SEQUENCE public.supply_supply_id_seq OWNED BY public.supply.supply_id;


--
-- Name: user_cart; Type: TABLE; Schema: public; Owner: postgres
--

CREATE TABLE public.user_cart (
    user_id integer NOT NULL,
    product_id integer NOT NULL,
    quantity integer NOT NULL,
    price_at_addition integer NOT NULL,
    created_at timestamp with time zone DEFAULT CURRENT_TIMESTAMP,
    updated_at timestamp with time zone DEFAULT CURRENT_TIMESTAMP,
    CONSTRAINT user_cart_quantity_check CHECK ((quantity > 0))
);


ALTER TABLE public.user_cart OWNER TO postgres;

--
-- Name: user_employee; Type: TABLE; Schema: public; Owner: postgres
--

CREATE TABLE public.user_employee (
    user_id integer NOT NULL,
    user_name character varying(255) NOT NULL,
    username character varying(150) NOT NULL,
    password character varying(128) NOT NULL,
    email character varying(255),
    mobile_phone character varying(20),
    role_id integer NOT NULL,
    profile_picture character varying(255),
    is_superuser boolean DEFAULT false,
    last_login timestamp without time zone,
    contact_type character varying(10) DEFAULT 'email'::character varying
);


ALTER TABLE public.user_employee OWNER TO postgres;

--
-- Name: user_employee_user_id_seq; Type: SEQUENCE; Schema: public; Owner: postgres
--

CREATE SEQUENCE public.user_employee_user_id_seq
    AS integer
    START WITH 1
    INCREMENT BY 1
    NO MINVALUE
    NO MAXVALUE
    CACHE 1;


ALTER SEQUENCE public.user_employee_user_id_seq OWNER TO postgres;

--
-- Name: user_employee_user_id_seq; Type: SEQUENCE OWNED BY; Schema: public; Owner: postgres
--

ALTER SEQUENCE public.user_employee_user_id_seq OWNED BY public.user_employee.user_id;


--
-- Name: user_otp; Type: TABLE; Schema: public; Owner: postgres
--

CREATE TABLE public.user_otp (
    id integer NOT NULL,
    code character varying(6) NOT NULL,
    method character varying(10) NOT NULL,
    confirmed boolean NOT NULL,
    used boolean NOT NULL,
    valid_until timestamp with time zone NOT NULL,
    created_at timestamp with time zone NOT NULL,
    user_id integer NOT NULL
);


ALTER TABLE public.user_otp OWNER TO postgres;

--
-- Name: user_otp_id_seq; Type: SEQUENCE; Schema: public; Owner: postgres
--

ALTER TABLE public.user_otp ALTER COLUMN id ADD GENERATED BY DEFAULT AS IDENTITY (
    SEQUENCE NAME public.user_otp_id_seq
    START WITH 1
    INCREMENT BY 1
    NO MINVALUE
    NO MAXVALUE
    CACHE 1
);


--
-- Name: address address_id; Type: DEFAULT; Schema: public; Owner: postgres
--

ALTER TABLE ONLY public.address ALTER COLUMN address_id SET DEFAULT nextval('public.address_address_id_seq'::regclass);


--
-- Name: barangay barangay_id; Type: DEFAULT; Schema: public; Owner: postgres
--

ALTER TABLE ONLY public.barangay ALTER COLUMN barangay_id SET DEFAULT nextval('public.barangay_barangay_id_seq'::regclass);


--
-- Name: brand brand_id; Type: DEFAULT; Schema: public; Owner: postgres
--

ALTER TABLE ONLY public.brand ALTER COLUMN brand_id SET DEFAULT nextval('public.brand_brand_id_seq'::regclass);


--
-- Name: car_models model_id; Type: DEFAULT; Schema: public; Owner: postgres
--

ALTER TABLE ONLY public.car_models ALTER COLUMN model_id SET DEFAULT nextval('public.car_models_model_id_seq'::regclass);


--
-- Name: cars car_id; Type: DEFAULT; Schema: public; Owner: postgres
--

ALTER TABLE ONLY public.cars ALTER COLUMN car_id SET DEFAULT nextval('public.cars_car_id_seq'::regclass);


--
-- Name: category category_id; Type: DEFAULT; Schema: public; Owner: postgres
--

ALTER TABLE ONLY public.category ALTER COLUMN category_id SET DEFAULT nextval('public.category_category_id_seq'::regclass);


--
-- Name: condition_item condition_id; Type: DEFAULT; Schema: public; Owner: postgres
--

ALTER TABLE ONLY public.condition_item ALTER COLUMN condition_id SET DEFAULT nextval('public.condition_item_condition_id_seq'::regclass);


--
-- Name: courier courier_id; Type: DEFAULT; Schema: public; Owner: postgres
--

ALTER TABLE ONLY public.courier ALTER COLUMN courier_id SET DEFAULT nextval('public.courier_courier_id_seq'::regclass);


--
-- Name: customer customer_id; Type: DEFAULT; Schema: public; Owner: postgres
--

ALTER TABLE ONLY public.customer ALTER COLUMN customer_id SET DEFAULT nextval('public.customer_customer_id_seq'::regclass);


--
-- Name: delivery delivery_id; Type: DEFAULT; Schema: public; Owner: postgres
--

ALTER TABLE ONLY public.delivery ALTER COLUMN delivery_id SET DEFAULT nextval('public.delivery_delivery_id_seq'::regclass);


--
-- Name: delivery_history history_id; Type: DEFAULT; Schema: public; Owner: postgres
--

ALTER TABLE ONLY public.delivery_history ALTER COLUMN history_id SET DEFAULT nextval('public.delivery_history_history_id_seq'::regclass);


--
-- Name: delivery_statuses status_id; Type: DEFAULT; Schema: public; Owner: postgres
--

ALTER TABLE ONLY public.delivery_statuses ALTER COLUMN status_id SET DEFAULT nextval('public.delivery_statuses_status_id_seq'::regclass);


--
-- Name: merchant merchant_id; Type: DEFAULT; Schema: public; Owner: postgres
--

ALTER TABLE ONLY public.merchant ALTER COLUMN merchant_id SET DEFAULT nextval('public.merchant_merchant_id_seq'::regclass);


--
-- Name: mode_payment payment_id; Type: DEFAULT; Schema: public; Owner: postgres
--

ALTER TABLE ONLY public.mode_payment ALTER COLUMN payment_id SET DEFAULT nextval('public.mode_payment_payment_id_seq'::regclass);


--
-- Name: municipality municipality_id; Type: DEFAULT; Schema: public; Owner: postgres
--

ALTER TABLE ONLY public.municipality ALTER COLUMN municipality_id SET DEFAULT nextval('public.municipality_municipality_id_seq'::regclass);


--
-- Name: product product_id; Type: DEFAULT; Schema: public; Owner: postgres
--

ALTER TABLE ONLY public.product ALTER COLUMN product_id SET DEFAULT nextval('public.product_product_id_seq'::regclass);


--
-- Name: product_years year_id; Type: DEFAULT; Schema: public; Owner: postgres
--

ALTER TABLE ONLY public.product_years ALTER COLUMN year_id SET DEFAULT nextval('public.product_years_year_id_seq'::regclass);


--
-- Name: province province_id; Type: DEFAULT; Schema: public; Owner: postgres
--

ALTER TABLE ONLY public.province ALTER COLUMN province_id SET DEFAULT nextval('public.province_province_id_seq'::regclass);


--
-- Name: region region_id; Type: DEFAULT; Schema: public; Owner: postgres
--

ALTER TABLE ONLY public.region ALTER COLUMN region_id SET DEFAULT nextval('public.region_region_id_seq'::regclass);


--
-- Name: return_item return_id; Type: DEFAULT; Schema: public; Owner: postgres
--

ALTER TABLE ONLY public.return_item ALTER COLUMN return_id SET DEFAULT nextval('public.return_item_return_id_seq'::regclass);


--
-- Name: role_type role_id; Type: DEFAULT; Schema: public; Owner: postgres
--

ALTER TABLE ONLY public.role_type ALTER COLUMN role_id SET DEFAULT nextval('public.role_type_role_id_seq'::regclass);


--
-- Name: sale sale_id; Type: DEFAULT; Schema: public; Owner: postgres
--

ALTER TABLE ONLY public.sale ALTER COLUMN sale_id SET DEFAULT nextval('public.sale_sale_id_seq'::regclass);


--
-- Name: sale_details sale_detail_id; Type: DEFAULT; Schema: public; Owner: postgres
--

ALTER TABLE ONLY public.sale_details ALTER COLUMN sale_detail_id SET DEFAULT nextval('public.sale_details_sale_detail_id_seq'::regclass);


--
-- Name: status_type status_id; Type: DEFAULT; Schema: public; Owner: postgres
--

ALTER TABLE ONLY public.status_type ALTER COLUMN status_id SET DEFAULT nextval('public.status_type_status_id_seq'::regclass);


--
-- Name: supplier supplier_id; Type: DEFAULT; Schema: public; Owner: postgres
--

ALTER TABLE ONLY public.supplier ALTER COLUMN supplier_id SET DEFAULT nextval('public.supplier_supplier_id_seq'::regclass);


--
-- Name: supplier_email email_id; Type: DEFAULT; Schema: public; Owner: postgres
--

ALTER TABLE ONLY public.supplier_email ALTER COLUMN email_id SET DEFAULT nextval('public.supplier_email_email_id_seq'::regclass);


--
-- Name: supply supply_id; Type: DEFAULT; Schema: public; Owner: postgres
--

ALTER TABLE ONLY public.supply ALTER COLUMN supply_id SET DEFAULT nextval('public.supply_supply_id_seq'::regclass);


--
-- Name: supply_details id; Type: DEFAULT; Schema: public; Owner: postgres
--

ALTER TABLE ONLY public.supply_details ALTER COLUMN id SET DEFAULT nextval('public.supply_details_id_seq'::regclass);


--
-- Name: user_employee user_id; Type: DEFAULT; Schema: public; Owner: postgres
--

ALTER TABLE ONLY public.user_employee ALTER COLUMN user_id SET DEFAULT nextval('public.user_employee_user_id_seq'::regclass);


--
-- Data for Name: address; Type: TABLE DATA; Schema: public; Owner: postgres
--

COPY public.address (address_id, street_house_building_no, barangay_id, user_id, is_default) FROM stdin;
\.


--
-- Data for Name: auth_group; Type: TABLE DATA; Schema: public; Owner: postgres
--

COPY public.auth_group (id, name) FROM stdin;
\.


--
-- Data for Name: auth_group_permissions; Type: TABLE DATA; Schema: public; Owner: postgres
--

COPY public.auth_group_permissions (id, group_id, permission_id) FROM stdin;
\.


--
-- Data for Name: auth_permission; Type: TABLE DATA; Schema: public; Owner: postgres
--

COPY public.auth_permission (id, name, content_type_id, codename) FROM stdin;
1	Can add log entry	1	add_logentry
2	Can change log entry	1	change_logentry
3	Can delete log entry	1	delete_logentry
4	Can view log entry	1	view_logentry
5	Can add permission	2	add_permission
6	Can change permission	2	change_permission
7	Can delete permission	2	delete_permission
8	Can view permission	2	view_permission
9	Can add group	3	add_group
10	Can change group	3	change_group
11	Can delete group	3	delete_group
12	Can view group	3	view_group
13	Can add content type	4	add_contenttype
14	Can change content type	4	change_contenttype
15	Can delete content type	4	delete_contenttype
16	Can view content type	4	view_contenttype
17	Can add session	5	add_session
18	Can change session	5	change_session
19	Can delete session	5	delete_session
20	Can view session	5	view_session
21	Can add email device	6	add_emaildevice
22	Can change email device	6	change_emaildevice
23	Can delete email device	6	delete_emaildevice
24	Can view email device	6	view_emaildevice
25	Can add user employee	7	add_useremployee
26	Can change user employee	7	change_useremployee
27	Can delete user employee	7	delete_useremployee
28	Can view user employee	7	view_useremployee
29	Can add brand	8	add_brand
30	Can change brand	8	change_brand
31	Can delete brand	8	delete_brand
32	Can view brand	8	view_brand
33	Can add category	9	add_category
34	Can change category	9	change_category
35	Can delete category	9	delete_category
36	Can view category	9	view_category
37	Can add condition	10	add_condition
38	Can change condition	10	change_condition
39	Can delete condition	10	delete_condition
40	Can view condition	10	view_condition
41	Can add customer	11	add_customer
42	Can change customer	11	change_customer
43	Can delete customer	11	delete_customer
44	Can view customer	11	view_customer
45	Can add email device	12	add_emaildevice
46	Can change email device	12	change_emaildevice
47	Can delete email device	12	delete_emaildevice
48	Can view email device	12	view_emaildevice
49	Can add product	13	add_product
50	Can change product	13	change_product
51	Can delete product	13	delete_product
52	Can view product	13	view_product
53	Can add role type	14	add_roletype
54	Can change role type	14	change_roletype
55	Can delete role type	14	delete_roletype
56	Can view role type	14	view_roletype
57	Can add sale	15	add_sale
58	Can change sale	15	change_sale
59	Can delete sale	15	delete_sale
60	Can view sale	15	view_sale
61	Can add sale details	16	add_saledetails
62	Can change sale details	16	change_saledetails
63	Can delete sale details	16	delete_saledetails
64	Can view sale details	16	view_saledetails
65	Can add supplier	17	add_supplier
66	Can change supplier	17	change_supplier
67	Can delete supplier	17	delete_supplier
68	Can view supplier	17	view_supplier
69	Can add supply	18	add_supply
70	Can change supply	18	change_supply
71	Can delete supply	18	delete_supply
72	Can view supply	18	view_supply
73	Can add supply details	19	add_supplydetails
74	Can change supply details	19	change_supplydetails
75	Can delete supply details	19	delete_supplydetails
76	Can view supply details	19	view_supplydetails
77	Can add user otp	20	add_userotp
78	Can change user otp	20	change_userotp
79	Can delete user otp	20	delete_userotp
80	Can view user otp	20	view_userotp
\.


--
-- Data for Name: barangay; Type: TABLE DATA; Schema: public; Owner: postgres
--

COPY public.barangay (barangay_id, name, municipality_id) FROM stdin;
1	Acacia	752
2	Agdao	752
3	Alambre	752
4	Alejandra Navarro	752
5	Alfonso Angliongto Sr.	752
6	Angalan	752
7	Atan-awe	752
8	Baganihan	752
9	Bago Aplaya	752
10	Bago Gallera	752
11	Bago Oshiro	752
12	Baguio	752
13	Balengaeng	752
14	Baliok	752
15	Bangkas Heights	752
16	Bantol	752
17	Baracatan	752
18	Barangay 10-A	752
19	Barangay 11-B	752
20	Barangay 12-B	752
21	Barangay 13-B	752
22	Barangay 14-B	752
23	Barangay 15-B	752
24	Barangay 16-B	752
25	Barangay 17-B	752
26	Barangay 18-B	752
27	Barangay 19-B	752
28	Barangay 1-A	752
29	Barangay 20-B	752
30	Barangay 21-C	752
31	Barangay 22-C	752
32	Barangay 23-C	752
33	Barangay 24-C	752
34	Barangay 25-C	752
35	Barangay 26-C	752
36	Barangay 27-C	752
37	Barangay 28-C	752
38	Barangay 29-C	752
39	Barangay 2-A	752
40	Barangay 30-C	752
41	Barangay 31-D	752
42	Barangay 32-D	752
43	Barangay 33-D	752
44	Barangay 34-D	752
45	Barangay 35-D	752
46	Barangay 36-D	752
47	Barangay 37-D	752
48	Barangay 38-D	752
49	Barangay 39-D	752
50	Barangay 3-A	752
51	Barangay 40-D	752
52	Barangay 4-A	752
53	Barangay 5-A	752
54	Barangay 6-A	752
55	Barangay 7-A	752
56	Barangay 8-A	752
57	Barangay 9-A	752
58	Bato	752
59	Bayabas	752
60	Biao Escuela	752
61	Biao Guianga	752
62	Biao Joaquin	752
63	Binugao	752
64	Bucana	752
65	Buda	752
66	Buhangin	752
67	Bunawan	752
68	Cabantian	752
69	Cadalian	752
70	Calinan	752
71	Callawa	752
72	Camansi	752
73	Carmen	752
74	Catalunan Grande	752
75	Catalunan Pequeño	752
76	Catigan	752
77	Cawayan	752
78	Centro	752
79	Colosas	752
80	Communal	752
81	Crossing Bayabas	752
82	Dacudao	752
83	Dalag	752
84	Dalagdag	752
85	Daliao	752
86	Daliaon Plantation	752
87	Datu Salumay	752
88	Dominga	752
89	Dumoy	752
90	Eden	752
91	Fatima	752
92	Gatungan	752
93	Gov. Paciano Bangoy	752
94	Gov. Vicente Duterte	752
95	Gumalang	752
96	Gumitan	752
97	Ilang	752
98	Inayangan	752
99	Indangan	752
100	Kap. Tomas Monteverde, Sr.	752
101	Kilate	752
102	Lacson	752
103	Lamanan	752
104	Lampianao	752
105	Langub	752
106	Lapu-lapu	752
107	Leon Garcia, Sr.	752
108	Lizada	752
109	Los Amigos	752
110	Lubogan	752
111	Lumiad	752
112	Ma-a	752
113	Mabuhay	752
114	Magsaysay	752
115	Magtuod	752
116	Mahayag	752
117	Malabog	752
118	Malagos	752
119	Malamba	752
120	Manambulan	752
121	Mandug	752
122	Manuel Guianga	752
123	Mapula	752
124	Marapangi	752
125	Marilog	752
126	Matina Aplaya	752
127	Matina Biao	752
128	Matina Crossing	752
129	Matina Pangi	752
130	Megkawayan	752
131	Mintal	752
132	Mudiang	752
133	Mulig	752
134	New Carmen	752
135	New Valencia	752
136	Pampanga	752
137	Panacan	752
138	Panalum	752
139	Pandaitan	752
140	Pangyan	752
141	Paquibato	752
142	Paradise Embak	752
143	Rafael Castillo	752
144	Riverside	752
145	Salapawan	752
146	Salaysay	752
147	Saloy	752
148	San Antonio	752
149	San Isidro	752
150	Santo Niño	752
151	Sasa	752
152	Sibulan	752
153	Sirawan	752
154	Sirib	752
155	Suawan	752
156	Subasta	752
157	Sumimao	752
158	Tacunan	752
159	Tagakpan	752
160	Tagluno	752
161	Tagurano	752
162	Talandang	752
163	Talomo	752
164	Talomo River	752
165	Tamayong	752
166	Tambobong	752
167	Tamugan	752
168	Tapak	752
169	Tawan-tawan	752
170	Tibuloy	752
171	Tibungco	752
172	Tigatto	752
173	Toril	752
174	Tugbok	752
175	Tungakalan	752
176	Ubalde	752
177	Ula	752
178	Vicente Hizon Sr.	752
179	Waan	752
180	Wangan	752
181	Wilfredo Aquino	752
182	Wines	752
183	Adlaon	540
184	Agsungot	540
185	Apas	540
186	Babag	540
187	Bacayan	540
188	Banilad	540
189	Basak Pardo	540
190	Basak San Nicolas	540
191	Binaliw	540
192	Bonbon	540
193	Budlaan	540
194	Buhisan	540
195	Bulacao	540
196	Buot	540
197	Busay	540
198	Calamba	540
199	Cambinocot	540
200	Capitol Site	540
201	Carreta	540
202	Cogon Pardo	540
203	Cogon Ramos	540
204	Day-as	540
205	Duljo Fatima	540
206	Ermita	540
207	Guadalupe	540
208	Guba	540
209	Hipodromo	540
210	Inayawan	540
211	Kalubihan	540
212	Kalunasan	540
213	Kamagayan	540
214	Kamputhaw (Camputhaw)	540
215	Kasambagan	540
216	Kinasang-an Pardo	540
217	Labangon	540
218	Lahug	540
219	Lorega San Miguel	540
220	Lusaran	540
221	Luz	540
222	Mabini	540
223	Mabolo	540
224	Malubog	540
225	Mambaling	540
226	Pahina Central	540
227	Pahina San Nicolas	540
228	Pamutan	540
229	Pari-an	540
230	Paril	540
231	Pasil	540
232	Pit-os	540
233	Poblacion Pardo	540
234	Pulangbato	540
235	Pung-ol Sibugay	540
236	Punta Princesa	540
237	Quiot Pardo	540
238	Sambag I	540
239	Sambag II	540
240	San Antonio	540
241	San Jose	540
242	San Nicolas Proper	540
243	San Roque	540
244	Santa Cruz	540
245	Santo Niño (Poblacion)	540
246	Sapangdaku	540
247	Sawang Calero	540
248	Sinsin	540
249	Sirao	540
250	Suba	540
251	Sudlon I	540
252	Sudlon II	540
253	T. Padilla	540
254	Tabunan	540
255	Tagba-o	540
256	Talamban	540
257	Taptap	540
258	Tejero (Villa Gonzalo)	540
259	Tinago	540
260	Tisa	540
261	To-ong	540
262	Zapatera	540
\.


--
-- Data for Name: brand; Type: TABLE DATA; Schema: public; Owner: postgres
--

COPY public.brand (brand_id, name, description) FROM stdin;
\.


--
-- Data for Name: car_models; Type: TABLE DATA; Schema: public; Owner: postgres
--

COPY public.car_models (model_id, car_id, model_name) FROM stdin;
\.


--
-- Data for Name: cars; Type: TABLE DATA; Schema: public; Owner: postgres
--

COPY public.cars (car_id, make) FROM stdin;
\.


--
-- Data for Name: category; Type: TABLE DATA; Schema: public; Owner: postgres
--

COPY public.category (category_id, name, description) FROM stdin;
\.


--
-- Data for Name: condition_item; Type: TABLE DATA; Schema: public; Owner: postgres
--

COPY public.condition_item (condition_id, name) FROM stdin;
\.


--
-- Data for Name: courier; Type: TABLE DATA; Schema: public; Owner: postgres
--

COPY public.courier (courier_id, name) FROM stdin;
\.


--
-- Data for Name: customer; Type: TABLE DATA; Schema: public; Owner: postgres
--

COPY public.customer (customer_id, name, contact_number, address_id) FROM stdin;
\.


--
-- Data for Name: delivery; Type: TABLE DATA; Schema: public; Owner: postgres
--

COPY public.delivery (delivery_id, sale_id, courier_id, address_id, delivery_fee, overall_total, date, status_id, tracking_number) FROM stdin;
\.


--
-- Data for Name: delivery_history; Type: TABLE DATA; Schema: public; Owner: postgres
--

COPY public.delivery_history (history_id, delivery_id, status_id, timestamp_changed, user_id, location_details) FROM stdin;
\.


--
-- Data for Name: delivery_statuses; Type: TABLE DATA; Schema: public; Owner: postgres
--

COPY public.delivery_statuses (status_id, status_name, description, sequence_order) FROM stdin;
\.


--
-- Data for Name: django_admin_log; Type: TABLE DATA; Schema: public; Owner: postgres
--

COPY public.django_admin_log (id, action_time, object_id, object_repr, action_flag, change_message, content_type_id, user_id) FROM stdin;
\.


--
-- Data for Name: django_content_type; Type: TABLE DATA; Schema: public; Owner: postgres
--

COPY public.django_content_type (id, app_label, model) FROM stdin;
1	admin	logentry
2	auth	permission
3	auth	group
4	contenttypes	contenttype
5	sessions	session
6	otp_email	emaildevice
7	core	useremployee
8	core	brand
9	core	category
10	core	condition
11	core	customer
12	core	emaildevice
13	core	product
14	core	roletype
15	core	sale
16	core	saledetails
17	core	supplier
18	core	supply
19	core	supplydetails
20	core	userotp
\.


--
-- Data for Name: django_migrations; Type: TABLE DATA; Schema: public; Owner: postgres
--

COPY public.django_migrations (id, app, name, applied) FROM stdin;
1	contenttypes	0001_initial	2025-09-14 12:09:53.822534+08
2	contenttypes	0002_remove_content_type_name	2025-09-14 12:09:53.83016+08
3	auth	0001_initial	2025-09-14 12:09:53.854947+08
4	auth	0002_alter_permission_name_max_length	2025-09-14 12:09:53.858213+08
5	auth	0003_alter_user_email_max_length	2025-09-14 12:09:53.861545+08
6	auth	0004_alter_user_username_opts	2025-09-14 12:09:53.865425+08
7	auth	0005_alter_user_last_login_null	2025-09-14 12:09:53.868358+08
8	auth	0006_require_contenttypes_0002	2025-09-14 12:09:53.869159+08
9	auth	0007_alter_validators_add_error_messages	2025-09-14 12:09:53.872187+08
10	auth	0008_alter_user_username_max_length	2025-09-14 12:09:53.875018+08
11	auth	0009_alter_user_last_name_max_length	2025-09-14 12:09:53.878695+08
12	auth	0010_alter_group_name_max_length	2025-09-14 12:09:53.88446+08
13	auth	0011_update_proxy_permissions	2025-09-14 12:09:53.88767+08
14	auth	0012_alter_user_first_name_max_length	2025-09-14 12:09:53.890602+08
15	core	0001_initial	2025-09-14 12:10:45.33751+08
16	admin	0001_initial	2025-09-14 12:10:45.351033+08
17	admin	0002_logentry_remove_auto_add	2025-09-14 12:10:45.354083+08
18	admin	0003_logentry_add_action_flag_choices	2025-09-14 12:10:45.357121+08
19	otp_email	0001_initial	2025-09-14 12:10:45.367189+08
20	otp_email	0002_sidechanneldevice_email	2025-09-14 12:10:45.377443+08
21	otp_email	0003_emaildevice_email	2025-09-14 12:10:45.381105+08
22	otp_email	0004_throttling	2025-09-14 12:10:45.388558+08
23	otp_email	0005_emaildevice_last_generated_timestamp	2025-09-14 12:10:45.396018+08
24	otp_email	0006_add_timestamps	2025-09-14 12:10:45.402504+08
25	sessions	0001_initial	2025-09-14 12:10:45.409123+08
26	two_factor	0001_initial	2025-09-14 12:10:45.409766+08
27	two_factor	0002_auto_20150110_0810	2025-09-14 12:10:45.410073+08
28	two_factor	0003_auto_20150817_1733	2025-09-14 12:10:45.41035+08
29	two_factor	0004_auto_20160205_1827	2025-09-14 12:10:45.410624+08
30	two_factor	0005_auto_20160224_0450	2025-09-14 12:10:45.410843+08
31	two_factor	0006_phonedevice_key_default	2025-09-14 12:10:45.411092+08
32	two_factor	0007_auto_20201201_1019	2025-09-14 12:10:45.411285+08
33	two_factor	0008_delete_phonedevice	2025-09-14 12:10:45.411453+08
34	two_factor	0001_squashed_0008_delete_phonedevice	2025-09-14 12:10:45.412393+08
\.


--
-- Data for Name: django_session; Type: TABLE DATA; Schema: public; Owner: postgres
--

COPY public.django_session (session_key, session_data, expire_date) FROM stdin;
\.


--
-- Data for Name: merchant; Type: TABLE DATA; Schema: public; Owner: postgres
--

COPY public.merchant (merchant_id, name) FROM stdin;
\.


--
-- Data for Name: mode_payment; Type: TABLE DATA; Schema: public; Owner: postgres
--

COPY public.mode_payment (payment_id, merchant_id, sale_id, ref) FROM stdin;
\.


--
-- Data for Name: municipality; Type: TABLE DATA; Schema: public; Owner: postgres
--

COPY public.municipality (municipality_id, name, postal_code, province_id) FROM stdin;
1	Jolo	7400	85
2	Patikul	7401	85
3	Old Panamao	7402	85
4	Talipao	7403	85
5	Luuk (Omar)	7404	85
6	Pata	7405	85
7	Banguingui (Tongkil)	7406	85
8	Indanan	7407	85
9	Parang	7408	85
10	Maimbung	7409	85
11	Tapul	7410	85
12	Lugus	7411	85
13	Siasi	7412	85
14	Hadji Panglima Tahil	7413	85
15	Pangutaran	7414	85
16	Panglima Estino (New Panamao)	7415	85
17	Kalingalan Calauang	7416	85
18	Bongao	7500	86
19	Panglima Sugala (Balimbing)	7501	86
20	Tandubas	7502	86
21	Sapa-Sapa	7503	86
22	South Ubian	7504	86
23	Simunul	7505	86
24	Sitangkai	7506	86
25	Turtle Islands (Taganak)	7507	86
26	Mapun (Cagayan de Sulu)	7508	86
27	Languyan	7509	86
28	Sibutu	7510	86
29	Pantar	9218	84
30	Picong (Sultan Gumander)	9301	84
31	Balabagan	9302	84
32	Marogong	9303	84
33	Tubaran	9304	84
34	Butig	9305	84
35	Lumbayanague	9306	84
36	Lumbatan	9307	84
37	Lumbaca-Unayan and Macadar Andong	9308	84
38	Bayang	9309	84
39	Binidayan	9310	84
40	Ganassi	9311	84
41	Pagayawan	9312	84
42	Pualas	9313	84
43	Madamba	9314	84
44	Madalum	9315	84
45	Bacolod-Kalawi (Bacolod Grande)	9316	84
46	Tugaya	9317	84
47	Balindong	9318	84
48	Calanogas	9319	84
49	Amai Manabilang (Bumbaran)	9320	84
50	Kapatagan	9322	84
51	Malabang	9300	87
52	Cotabato City	9600	87
53	Datu Odin Sinsuat (Dinaig)	9601	87
54	Upi	9602	87
55	South Upi	9603	87
56	Parang	9604	87
57	Sultan Kudarat	9605	87
58	Kabuntalan	9606	87
59	Datu Piang	9607	87
60	Shariff Aguak (Maganoy)	9608	87
61	Ampatuan	9609	87
62	Pagalungan	9610	87
63	Sultan sa Barongis	9611	87
64	Talayan	9612	87
65	Matanog	9613	87
66	Barira	9614	87
67	Buldon	9615	87
68	Buluan	9616	87
69	Datu Paglas	9617	87
70	Gen. S.K. Pendatun	9618	87
71	Mangudadatu	9620	87
72	Datu Abdullah Sangki	9621	87
73	Datu Anggal Midtimbang	9622	87
74	Datu Blah T. Sinsuat	9623	87
75	Datu Hoffer Ampatuan	9624	87
76	Datu Salibo	9625	87
77	Datu Saudi-Ampatuan	9626	87
78	Datu Unsay	9627	87
79	Guindulungan	9628	87
80	Mamasapano	9629	87
81	Northern Kabuntalan	9630	87
82	Datu Montawal (Pagagawan)	9631	87
83	Paglat	9632	87
84	Pandag	9633	87
85	Rajah Buayan	9634	87
86	Shariff Saydona Mustapha	9635	87
87	Sultan Mastura	9636	87
88	Sultan Sumagka (Talitay)	9637	87
89	Kapatagan	9700	84
90	Saguiaran	9701	84
91	Mulondo	9702	84
92	Lumba-Bayabao	9703	84
93	Tamparan	9704	84
94	Poona Bayabao	9705	84
95	Masiu	9706	84
96	Bubong	9708	84
97	Kapai	9709	84
98	Piagapo	9710	84
99	Marantao	9711	84
100	Taraka	9712	84
101	Ditsaan-Ramain	9713	84
102	Buadiposo-Buntong	9714	84
103	Maguing	9715	84
104	Wao	9716	84
105	Naga	4400	26
106	Camaligan	4401	26
107	Canaman	4402	26
108	Magarao	4403	26
109	Bombon	4404	26
110	Calabanga	4405	26
111	Cabusao	4406	26
112	Libmanan	4407	26
113	Sipocot	4408	26
114	Lupi	4409	26
115	Ragay	4410	26
116	Del Gallego	4411	26
117	Gainza	4412	26
118	Milaor	4413	26
119	Minalabac	4414	26
120	San Fernando	4415	26
121	Pamplona	4416	26
122	Pasacao	4417	26
123	Pili	4418	26
124	Ocampo	4419	26
125	Tigaon	4420	26
126	Sagñay	4421	26
127	Goa	4422	26
128	San Jose	4423	26
129	Presentacion	4424	26
130	Lagonoy	4425	26
131	Tinambac	4426	26
132	Siruma	4427	26
133	Garchitorena	4428	26
134	Caramoan	4429	26
135	Bula	4430	26
136	Iriga	4431	26
137	Baao	4432	26
138	Buhi	4433	26
139	Nabua	4434	26
140	Bato	4435	26
141	Balatan	4436	26
142	Legazpi	4500	24
143	Daraga (Locsin)	4501	24
144	Camalig	4502	24
145	Guinobatan	4503	24
146	Ligao	4504	24
147	Oas	4505	24
148	Polangui	4506	24
149	Libon	4507	24
150	Santo Domingo	4508	24
151	Bacacay	4509	24
152	Malilipot	4510	24
153	Tabaco	4511	24
154	Malinao	4512	24
155	Tiwi	4513	24
156	Manito	4514	24
157	Jovellar	4515	24
158	Pio Duran (Malacbalac)	4516	24
159	Rapu-Rapu	4517	24
160	Daet	4600	25
161	Mercedes	4601	25
162	Talisay	4602	25
163	Vinzons	4603	25
164	Labo	4604	25
165	Paracale	4605	25
166	Jose Panganiban	4606	25
167	Capalonga	4607	25
168	Basud	4608	25
169	San Vicente	4609	25
170	San Lorenzo Ruiz	4610	25
171	Santa Elena	4611	25
172	Tulay-na-Lupa	4612	25
173	Sorsogon City	4700	29
174	Bacon	4701	29
175	Casiguran	4702	29
176	Juban	4703	29
177	Bulusan	4704	29
178	Magallanes	4705	29
179	Bulan	4706	29
180	Irosin	4707	29
181	Matnog	4708	29
182	Santa Magdalena	4709	29
183	Gubat	4710	29
184	Prieto Diaz	4711	29
185	Barcelona	4712	29
186	Castilla	4713	29
187	Pilar	4714	29
188	Donsol	4715	29
189	Virac	4800	27
190	Bato	4801	27
191	San Miguel	4802	27
192	Baras	4803	27
193	Gigmoto	4804	27
194	Viga	4805	27
195	Panganiban	4806	27
196	Bagamanoc	4807	27
197	Caramoran	4808	27
198	Pandan	4809	27
199	San Andres	4810	27
200	Masbate City	5400	28
201	Mobo	5401	28
202	Uson	5402	28
203	Dimasalang	5403	28
204	Palanas	5404	28
205	Cataingan	5405	28
206	Pio V. Corpuz	5406	28
207	Esperanza	5407	28
208	Placer	5408	28
209	Cawayan	5409	28
210	Milagros	5410	28
211	Mandaon	5411	28
212	Balud	5412	28
213	Baleno	5413	28
214	Aroroy	5414	28
215	Batuan	5415	28
216	San Fernando	5416	28
217	San Jacinto	5417	28
218	Monreal	5418	28
219	Claveria	5419	28
220	San Pascual	5420	28
221	Buenavista	5421	28
222	Ilagan	3300	7
223	Gamu	3301	7
224	Naguillan	3302	7
225	Reina Mercedes	3303	7
226	Luna	3304	7
227	Cauayan	3305	7
228	Alicia	3306	7
229	Angadanan	3307	7
230	San Guillermo	3308	7
231	Echague	3309	7
232	San Isidro	3310	7
233	Santiago	3311	7
234	Cordon	3312	7
235	Jones	3313	7
236	San Agustin	3314	7
237	Cabatuan	3315	7
238	Aurora	3316	7
239	San Manuel (Callang)	3317	7
240	San Mateo	3318	7
241	Ramon	3319	7
242	Roxas	3320	7
243	Quirino	3321	7
244	Burgos	3322	7
245	Mallig	3323	7
246	Quezon	3324	7
247	Tumauini	3325	7
248	Delfin Albano	3326	7
249	Santo Tomas	3327	7
250	Cabagan	3328	7
251	San Pablo	3329	7
252	Santa Maria	3330	7
253	Benito Soliven	3331	7
254	San Mariano	3332	7
255	Maconacon	3333	7
256	Palanan	3334	7
257	Divilacan	3335	7
258	Dinapigue	3336	7
259	Cabarroguis	3400	9
260	Diffun	3401	9
261	Saguday	3402	9
262	Aglipay	3403	9
263	Maddela	3404	9
264	Nagtipunan (Abbag)	3405	9
265	Tuguegarao	3500	6
266	Enrile	3501	6
267	Peñablanca	3502	6
268	Solana	3503	6
269	Iguig	3504	6
270	Amulung	3505	6
271	Baggao	3506	6
272	Alcala	3507	6
273	Gattaran	3508	6
274	Lal-Lo	3509	6
275	Camalaniugan	3510	6
276	Buguey	3511	6
277	Santa Teresita	3512	6
278	City of Bacoor	1775	20
279	San Mateo	1850	23
280	Rodriguez	1860	23
281	Antipolo	1870	23
282	Teresa	1880	23
283	Cainta	1900	23
284	Pililla	1910	23
285	Taytay	1920	23
286	Angono	1930	23
287	Binangonan	1940	23
288	Cardona	1950	23
289	Morong	1960	23
290	Baras	1970	23
291	Tanay	1980	23
292	Jalajala	1990	23
293	San Pablo	4000	21
294	Alaminos	4001	21
295	Nagcarlan	4002	21
296	Rizal	4003	21
297	Liliw	4004	21
298	Majayjay	4005	21
299	Botocan	4006	21
300	Magdalena	4007	21
301	Pagsanjan	4008	21
302	Santa Cruz	4009	21
303	Pila	4010	21
304	Victoria	4011	21
305	Calauan	4012	21
306	Cavinti	4013	21
307	Lumban	4014	21
308	Kalayaan	4015	21
309	Paete	4016	21
310	Pakil	4017	21
311	Pangil	4018	21
312	Siniloan	4019	21
313	Mabitac	4020	21
314	Famy	4021	21
315	Santa Maria	4022	21
316	San Pedro	4023	21
317	Biñan	4024	21
318	Cabuyao	4025	21
319	Santa Rosa	4026	21
320	Calamba	4027	21
321	Canlubang	4028	21
322	Camp Vicente Lim	4029	21
323	Los Baños	4030	21
324	University of the Philippines Los Baños	4031	21
325	Luisiana	4032	21
326	Bay	4033	21
327	Cavite City	4100	20
328	Sangley Point Naval Base	4101	20
329	Bacoor	4102	20
330	Imus	4103	20
331	Kawit	4104	20
332	Noveleta	4105	20
333	Rosario	4106	20
334	General Trias	4107	20
335	Tanza	4108	20
336	Trece Martires	4109	20
337	Naic	4110	20
338	Ternate	4111	20
339	Maragondon	4112	20
340	Magallanes	4113	20
341	Dasmariñas	4114	20
342	Dasmariñas Resettlement Area	4115	20
343	Carmona	4116	20
344	General Mariano Alvarez	4117	20
345	Silang	4118	20
346	Amadeo	4119	20
347	Tagaytay	4120	20
348	Mendez (Mendez-Nuñez)	4121	20
349	Indang	4122	20
350	Alfonso	4123	20
351	General Emilio Aguinaldo (Bailen)	4124	20
352	Corregidor Island	4125	20
353	First Cavite Industrial Estate	4126	20
354	Batangas City	4200	19
355	Bauan	4201	19
356	Mabini	4202	19
357	Tingloy	4203	19
358	San Pascual	4204	19
359	Alitagtag	4205	19
360	Santa Teresita	4206	19
361	San Nicolas	4207	19
362	Taal	4208	19
363	Lemery	4209	19
364	San Luis	4210	19
365	Agoncillo	4211	19
366	Calaca	4212	19
367	Balayan	4213	19
368	Tuy	4214	19
369	Calatagan	4215	19
370	Lian	4216	19
371	Lipa	4217	19
372	Fernando Air Base	4218	19
373	Balete	4219	19
374	Talisay	4220	19
375	Laurel	4221	19
376	Cuenca	4222	19
377	Mataas na Kahoy	4223	19
378	Padre Garcia	4224	19
379	Rosario	4225	19
380	San Juan	4226	19
381	San Jose	4227	19
382	Taysan	4228	19
383	Lobo	4229	19
384	Ibaan	4230	19
385	Nasugbu	4231	19
386	Tanauan	4232	19
387	Malvar	4233	19
388	Santo Tomas	4234	19
389	Lucena	4301	22
390	Pagbilao	4302	22
391	Padre Burgos	4303	22
392	Agdangan	4304	22
393	Unisan	4305	22
394	Plaridel	4306	22
395	Gumaca	4307	22
396	Pitogo	4308	22
397	Macalelon	4309	22
398	General Luna	4310	22
399	Catanauan	4311	22
400	Mulanay	4312	22
401	San Narciso	4313	22
402	San Fernando	2000	12
403	Bacolor	2001	12
404	Santa Rita	2002	12
405	Guagua	2003	12
406	Sasmuan	2004	12
407	Lubao	2005	12
408	Floridablanca	2006	12
409	Basa Airbase	2007	12
410	Porac	2008	12
411	Angeles	2009	12
412	Mabalacat	2010	12
413	Magalang	2011	12
414	Arayat	2012	12
415	Candaba	2013	12
416	San Luis	2014	12
417	San Simon	2015	12
418	Apalit	2016	12
419	Masantol	2017	12
420	Macabebe	2018	12
421	Minalin	2019	12
422	Santo Tomas	2020	12
423	Mexico	2021	12
424	Santa Ana	2022	12
425	Balibago	2024	12
426	Balanga	2100	10
427	Pilar	2101	10
428	Orion	2102	10
429	Limay	2103	10
430	Lamao	2104	10
431	Mariveles	2105	10
432	Mariveles	2106	10
433	Bagac	2107	10
434	Morong	2108	10
435	Dinalupihan	2110	10
436	Hermosa	2111	10
437	Orani	2112	10
438	Samal	2113	10
439	Abucay	2114	10
440	Olongapo	2200	13
441	Iba	2201	13
442	Botolan	2202	13
443	Cabangan	2203	13
444	San Felipe	2204	13
445	San Narciso	2205	13
446	San Antonio	2206	13
447	San Marcelino	2207	13
448	Castillejos	2208	13
449	Subic	2209	13
450	Palauig and Scarborough Shoal	2210	13
451	Masinloc	2211	13
452	Candelaria	2212	13
453	Santa Cruz	2213	13
454	Tarlac City	2300	16
455	San Miguel	2301	16
456	Gerona	2302	16
457	Santa Ignacia	2303	16
458	Mayantoc	2304	16
459	San Clemente	2305	16
460	Camiling	2306	16
461	Paniqui	2307	16
462	Moncada	2308	16
463	San Manuel	2309	16
464	Anao	2310	16
465	Ramos	2311	16
466	Pura	2312	16
467	Victoria	2313	16
468	La Paz	2314	16
469	Capas	2315	16
470	Concepcion	2316	16
471	Bamban	2317	16
472	San Jose	2318	16
473	Malolos	3000	11
474	Paombong	3001	11
475	Hagonoy	3002	11
476	Calumpit	3003	11
477	Plaridel	3004	11
478	Pulilan	3005	11
479	Baliuag	3006	11
480	Bustos	3007	11
481	San Rafael	3008	11
482	Doña Remedios Trinidad	3009	11
483	San Ildefonso	3010	11
484	San Miguel	3011	11
485	Angat	3012	11
486	Norzagaray	3013	11
487	Pandi	3014	11
488	Guiguinto	3015	11
489	Balagtas (Bigaa)	3016	11
490	Bulacan	3017	11
491	Bocaue	3018	11
492	Marilao	3019	11
493	Meycauayan	3020	11
494	Obando	3021	11
495	Santa Maria	3022	11
496	San Jose del Monte	3023	11
497	Sapang Palay	3024	11
498	Cabanatuan	3100	14
499	Santa Rosa	3101	14
500	San Leonardo	3102	14
501	Peñaranda	3103	14
502	General Tinio	3104	14
503	Gapan	3105	14
504	San Isidro	3106	14
505	Cabiao	3107	14
506	San Antonio	3108	14
507	Jaen	3109	14
508	Zaragoza	3110	14
509	Aliaga	3111	14
510	Licab	3112	14
511	Quezon	3113	14
512	Talavera	3114	14
513	Guimba	3115	14
514	Nampicuan	3116	14
515	Cuyapo	3117	14
516	Talugtug	3118	14
517	Muñoz	3119	14
518	Central Luzon State University	3120	14
519	San Jose	3121	14
520	Lupao	3122	14
521	Carrangalan	3123	14
522	Pantabangan	3124	14
523	General Mamerto Natividad	3125	14
524	Llanera	3126	14
525	Rizal	3127	14
526	Bongabon	3128	14
527	Laur	3129	14
528	Fort Magsaysay	3130	14
529	Gabaldon	3131	14
530	Palayan	3132	14
531	Santo Domingo	3133	14
532	Baler	3200	18
533	San Luis	3201	18
534	Maria Aurora	3202	18
535	Dipaculao	3203	18
536	Casiguran	3204	18
537	Dilasag	3205	18
538	Dinalungan	3206	18
539	Dingalan	3207	18
540	Cebu City	6000	37
541	Consolacion	6001	37
542	Liloan	6002	37
543	Compostela	6003	37
544	Danao	6004	37
545	Carmen	6005	37
546	Catmon	6006	37
547	Sogod	6007	37
548	Borbon	6008	37
549	Tabogon	6009	37
550	Bogo	6010	37
551	San Remigio	6011	37
552	Medellin	6012	37
553	Daanbantayan	6013	37
554	Mandaue	6014	37
555	Lapu-Lapu (Opon)	6015	37
556	Mactan Airport	6016	37
557	Cordova	6017	37
558	San Fernando	6018	37
559	Carcar	6019	37
560	Sibonga	6020	37
561	Argao	6021	37
562	Dalaguete	6022	37
563	Alcoy	6023	37
564	Boljoon	6024	37
565	Oslob	6025	37
566	Santander	6026	37
567	Samboan	6027	37
568	Ginatilan	6028	37
569	Malabuyoc	6029	37
570	Alegria	6030	37
571	Badian	6031	37
572	Moalboal	6032	37
573	Alcantara	6033	37
574	Ronda	6034	37
575	Dumanjug	6035	37
576	Barili	6036	37
577	Naga	6037	37
578	Toledo	6038	37
579	Pinamungajan	6039	37
580	Aloguinsan	6040	37
581	Balamban	6041	37
582	Asturias	6042	37
583	Tuburan	6043	37
584	Tabuelan	6044	37
585	Talisay	6045	37
586	Minglanilla	6046	37
587	Santa Fe	6047	37
588	Pilar	6048	37
589	Poro	6049	37
590	San Francisco	6050	37
591	Tudela	6051	37
592	Bantayan	6052	37
593	Madridejos	6053	37
594	Dumaguete	6200	38
595	Sibulan	6201	38
596	San Jose	6202	38
597	Amlan	6203	38
598	Tanjay	6204	38
599	Pamplona	6205	38
600	Bais	6206	38
601	Mabinay	6207	38
602	Manjuyod	6208	38
603	Bindoy	6209	38
604	Ayungon	6210	38
605	Tayasan	6211	38
606	Jimalalud	6212	38
607	La Libertad	6213	38
608	Guihulngan	6214	38
609	Valencia	6215	38
610	Bacong	6216	38
611	Dauin	6217	38
612	Zamboanguita	6218	38
613	Siaton	6219	38
614	Santa Catalina	6220	38
615	Bayawan	6221	38
616	Basay	6222	38
617	Canlaon	6223	38
618	Vallehermoso	6224	38
619	Siquijor	6225	39
620	Larena	6226	39
621	San Juan	6227	39
622	Lazi	6228	39
623	Maria	6229	39
624	Enrique Villanueva	6230	39
625	Tagbilaran	6300	36
626	Baclayon	6301	36
627	Alburquerque	6302	36
628	Loay	6303	36
629	Lila	6304	36
630	Dimiao	6305	36
631	Valencia	6306	36
632	Garcia Hernandez	6307	36
633	Jagna	6308	36
634	Duero	6309	36
635	Guindulman	6310	36
636	Anda	6311	36
637	Candijay	6312	36
638	Mabini	6313	36
639	Alicia	6314	36
640	Ubay	6315	36
641	Loboc	6316	36
642	Bilar	6317	36
643	Batuan	6318	36
644	Carmen	6319	36
645	Sierra Bullones	6320	36
646	Pilar	6321	36
647	Dagohoy	6322	36
648	San Miguel	6323	36
649	Trinidad	6324	36
650	Talibon	6325	36
651	Bien Unido	6326	36
652	Loon	6327	36
653	Calape	6328	36
654	Tubigon	6329	36
655	Clarin	6330	36
656	Sagbayan	6331	36
657	Inabanga	6332	36
658	Buenavista	6333	36
659	Jetafe	6334	36
660	Antequera	6335	36
661	Maribojoc	6336	36
662	Corella	6337	36
663	Sikatuna	6338	36
664	Dauis	6339	36
665	Panglao	6340	36
666	Cortes	6341	36
667	Balilihan	6342	36
668	Catigbian	6343	36
669	Danao	6344	36
670	San Isidro	6345	36
671	Pres. Carlos P. Garcia (Pitogo)	6346	36
672	Sevilla	6347	36
673	Baguio	2600	70
674	La Trinidad	2601	70
675	Philippine Military Academy	2602	70
676	Tuba	2603	70
677	Itogon	2604	70
678	Bokod	2605	70
679	Kabayan	2606	70
680	Buguias	2607	70
681	Mankayan	2608	70
682	Lepanto	2609	70
683	Bakun	2610	70
684	Kibungan	2611	70
685	Atok	2612	70
686	Kapangan	2613	70
687	Sablan	2614	70
688	Tublay	2615	70
689	Bontoc	2616	73
690	Sadanga	2617	73
691	Besao	2618	73
692	Sagada	2619	73
693	Tadian	2620	73
694	Bauko	2621	73
695	Sabangan	2622	73
696	Barlig	2623	73
697	Natonin	2624	73
698	Paracelis	2625	73
699	Bangued	2800	69
700	Dolores	2801	69
701	Lagangilang	2802	69
702	Tayum	2803	69
703	Peñarrubia	2804	69
704	Bucay	2805	69
705	Pidigan	2806	69
706	Langiden	2807	69
707	San Quintin	2808	69
708	San Isidro	2809	69
709	Manabo	2810	69
710	Villaviciosa	2811	69
711	Pilar	2812	69
712	Luba	2813	69
713	Tubo	2814	69
714	Boliney	2815	69
715	Daguioman	2816	69
716	Bucloc	2817	69
717	Sallapadan	2818	69
718	Licuan-Baay	2819	69
719	Malibcong	2820	69
720	Lacub	2821	69
721	Tineg	2822	69
722	San Juan	2823	69
723	Lagayan	2824	69
724	Danglas	2825	69
725	La Paz	2826	69
726	Lagawe	3600	72
727	Banaue	3601	72
728	Mayoyao (Mayaoyao)	3602	72
729	Hungduan	3603	72
730	Kiangan	3604	72
731	Lamut	3605	72
732	Aguinaldo	3606	72
733	Hingyon	3607	72
734	Alfonso Lista (Potia)	3608	72
735	Tinoc	3609	72
736	Asipulo	3610	72
737	Tabuk	3800	72
738	Balbalan	3801	72
739	Lubuagan	3802	72
740	Pasil	3803	72
741	Tinglayan	3804	72
742	Tanudan	3805	72
743	Pinukpuk	3806	72
744	Conner	3807	74
745	Rizal (Liwan)	3808	72
746	Kabugao	3809	74
747	Flora	3810	74
748	Santa Marcela	3811	74
749	Pudtol	3812	74
750	Luna	3813	74
751	Calanasan (Bayag)	3814	74
752	Davao City	8000	56
753	Santa Cruz	8001	56
754	Digos	8002	56
755	Matanao	8003	56
756	Magsaysay	8004	56
757	Bansalan	8005	56
758	Hagonoy	8006	56
759	Padada	8007	56
760	Kiblawan	8008	56
761	Sulop	8009	56
762	Malalag	8010	56
763	Santa Maria	8011	59
764	Malita	8012	59
765	Don Marcelino	8013	59
766	Jose Abad Santos	8014	59
767	Sarangani	8015	59
768	Tagum	8100	55
769	Carmen	8101	55
770	Asuncion	8102	55
771	New Corella	8104	55
772	Panabo	8105	55
773	Santo Tomas	8112	55
774	Kapalong	8113	55
775	Babak	8118	55
776	Samal	8119	55
777	Kaputian	8120	55
778	Mati	8200	57
779	Tarragona	8201	57
780	Manay	8202	57
781	Caraga	8203	57
782	Baganga	8204	57
783	Cateel	8205	57
784	Boston	8206	57
785	Lupon	8207	57
786	Banaybanay	8208	57
787	San Isidro	8209	57
788	Governor Generoso	8210	57
789	Nabunturan	8800	57
790	Montevista	8801	57
791	Mawab	8802	57
792	Compostela	8803	57
793	New Bataan	8804	57
794	Monkayo	8805	57
795	Maco	8806	57
796	Mabini (Doña Alicia)	8807	57
797	Maragusan (San Mariano)	8808	57
798	Pantukan	8809	57
799	Laak (San Vicente)	8810	57
800	Catarman	6400	42
801	Bobon	6401	42
802	San Jose	6402	42
803	Lope de Vega	6403	42
804	Lavezares	6404	42
805	Allen	6405	42
806	Victoria	6406	42
807	San Antonio	6407	42
808	Capul	6408	42
809	San Isidro	6409	42
810	Biri	6410	42
811	Laoang	6411	42
812	Mapanas	6412	42
813	Pambujan	6413	42
814	Silvino Lobos	6414	42
815	San Roque	6415	42
816	Rosario	6416	42
817	Mondragon	6417	42
818	Catubig	6418	42
819	San Vicente	6419	42
820	Las Navas	6420	42
821	Palapag	6421	42
822	Gamay	6422	42
823	Lapinig	6423	42
824	Tacloban	6500	41
825	Palo	6501	41
826	Tanauan	6502	41
827	Tolosa	6503	41
828	Tabontabon	6504	41
829	Dulag	6505	41
830	Julita	6506	41
831	Mayorga	6507	41
832	La Paz	6508	41
833	MacArthur	6509	41
834	Abuyog	6510	41
835	Javier	6511	41
836	Mahaplag	6512	41
837	Santa Fe	6513	41
838	Pastrana	6514	41
839	Dagami	6515	41
840	Burauen	6516	41
841	Alangalang	6517	41
842	San Miguel	6518	41
843	Barugo	6519	41
844	Babatngon	6520	41
845	Baybay	6521	41
846	Inopacan	6522	41
847	Hindang	6523	41
848	Hilongos	6524	41
849	Bato	6525	41
850	Matalom	6526	41
851	Jaro	6527	41
852	Tunga	6528	41
853	Carigara	6529	41
854	Capoocan	6530	41
855	Kananga	6531	41
856	Matag-ob	6532	41
857	Leyte	6533	41
858	Calubian	6534	41
859	San Isidro	6535	41
860	Tabango	6536	41
861	Villaba	6537	41
862	Palompon	6538	41
863	Isabel	6539	41
864	Merida	6540	41
865	Ormoc	6541	41
866	Albuera	6542	41
867	Naval	6543	45
868	Almeria	6544	45
869	Kawayan	6545	45
870	Maripipi	6546	45
871	Culaba	6547	45
872	Caibiran	6548	45
873	Biliran	6549	45
874	Cabucgayan	6550	45
875	Maasin	6600	44
876	Macrohon	6601	44
877	Padre Burgos	6602	44
878	Malitbog	6603	44
879	Bontoc	6604	44
880	Tomas Oppus	6605	44
881	Sogod	6606	44
882	Silago	6607	44
883	Hinunangan	6608	44
884	Hinundayan	6609	44
885	Anahawan	6610	44
886	San Juan (Cabalian)	6611	44
887	Liloan	6612	44
888	San Francisco	6613	44
889	Pintuyan	6614	44
890	Libagon	6615	44
891	Saint Bernard	6616	44
892	San Ricardo	6617	44
893	Limasawa	6618	44
894	Catbalogan	6700	43
895	Jiabong	6701	43
896	Motiong	6702	43
897	Paranas (Wright)	6703	43
898	Tarangnan	6704	43
899	Pagsanghan	6705	43
900	Gandara	6706	43
901	San Jorge	6707	43
902	Matuguinao	6708	43
903	Santa Margarita	6709	43
904	Calbayog	6710	43
905	Santo Niño	6711	43
906	Tagapul-an	6712	43
907	Hinabangan	6713	43
908	San Sebastian	6714	43
909	Calbiga	6715	43
910	Pinabacdao	6716	43
911	Villareal	6717	43
912	Santa Rita	6718	43
913	Talalora	6719	43
914	Basey	6720	43
915	Marabut	6721	43
916	Daram	6722	43
917	San Jose De Buan	6723	43
918	Almagro	6724	43
919	Zumarraga	6725	43
920	Borongan	6800	40
921	Balangkayan	6801	40
922	Maydolong	6802	40
923	Llorente	6803	40
924	Hernani	6804	40
925	General MacArthur	6805	40
926	Can-avid	6806	40
927	Salcedo	6807	40
928	Mercedes	6808	40
929	Guiuan	6809	40
930	Quinapondan	6810	40
931	Giporlos	6811	40
932	Balangiga	6812	40
933	Lawaan	6813	40
934	San Julian	6814	40
935	Sulat	6815	40
936	Taft	6816	40
937	Dolores	6817	40
938	Oras	6818	40
939	Jipapad	6819	40
940	Maslog	6820	40
941	San Policarpo	6821	40
942	Arteche	6822	40
943	Dagupan	2400	4
944	Lingayen	2401	4
945	Labrador	2402	4
946	Sual	2403	4
947	Alaminos	2404	4
948	Anda	2405	4
949	Bolinao	2406	4
950	Bani	2407	4
951	Agno	2408	4
952	Mabini	2409	4
953	Burgos	2410	4
954	Dasol	2411	4
955	Infanta	2412	4
956	Mangatarem	2413	4
957	Urbiztondo	2414	4
958	Aguilar	2415	4
959	Bugallon	2416	4
960	Binmaley	2417	4
961	Calasiao	2418	4
962	Santa Barbara	2419	4
963	San Carlos	2420	4
964	Malasiqui	2421	4
965	Basista	2422	4
966	Bayambang	2423	4
967	Bautista	2424	4
968	Alcala	2425	4
969	Santo Tomas	2426	4
970	Villasis	2427	4
971	Urdaneta	2428	4
972	Mapandan	2429	4
973	Manaoag	2430	4
974	San Jacinto	2431	4
975	Mangaldan	2432	4
976	San Fabian	2433	4
977	Sison	2434	4
978	Pozorrubio	2435	4
979	Binalonan	2436	4
980	Laoac	2437	4
981	San Manuel	2438	4
982	Asingan	2439	4
983	Santa Maria	2440	4
984	Rosales	2441	4
985	Balungao	2442	4
986	Umingan	2443	4
987	San Quintin	2444	4
988	Tayug	2445	4
989	Natividad	2446	4
990	San Nicolas	2447	4
991	San Fernando	2500	3
992	Bauang	2501	3
993	Caba	2502	3
994	Aringay	2503	3
995	Agoo	2504	3
996	Santo Tomas	2505	3
997	Rosario	2506	3
998	Rosario	2507	3
999	Pugo	2508	3
1000	Tubao	2509	3
1001	Burgos	2510	3
1002	Naguilian	2511	3
1003	Bagulin	2512	3
1004	San Gabriel	2513	3
1005	San Juan	2514	3
1006	Bacnotan	2515	3
1007	Santol	2516	3
1008	Balaoan	2517	3
1009	Luna	2518	3
1010	Bangar	2519	3
1011	Sudipen	2520	3
1012	Vigan	2700	2
1013	Santa Catalina	2701	2
1014	Caoayan	2702	2
1015	Santa	2703	2
1016	Narvacan	2704	2
1017	Santa Maria	2705	2
1018	San Esteban	2706	2
1019	Santiago	2707	2
1020	Banayoyo	2708	2
1021	Galimuyod	2709	2
1022	Candon	2710	2
1023	Salcedo (Baugen)	2711	2
1024	Santa Lucia	2712	2
1025	Santa Cruz	2713	2
1026	Tagudin	2714	2
1027	Suyo	2715	2
1028	Alilem	2716	2
1029	Sugpon	2717	2
1030	Cervantes	2718	2
1031	Sigay	2719	2
1032	Gregorio del Pilar	2720	2
1033	Quirino (Angkaki)	2721	2
1034	San Emilio	2722	2
1035	Lidlidda	2723	2
1036	Burgos	2724	2
1037	Nagbukel	2725	2
1038	San Vicente	2726	2
1039	Bantay	2727	2
1040	San Ildefonso	2728	2
1041	Santo Domingo	2729	2
1042	Magsingal	2730	2
1043	San Juan (Lapog)	2731	2
1044	Cabugao	2732	2
1045	Sinait	2733	2
1046	Laoag	2900	1
1047	San Nicolas	2901	1
1048	Paoay	2902	1
1049	Currimao	2903	1
1050	Badoc	2904	1
1051	Pinili	2905	1
1052	Batac	2906	1
1053	Marcos	2907	1
1054	Banna (Espiritu)	2908	1
1055	Nueva Era	2909	1
1056	Solsona	2910	1
1057	Carasi	2911	1
1058	Piddig	2912	1
1059	Dingras	2913	1
1060	Sarrat	2914	1
1061	Vintar	2915	1
1062	Bacarra	2916	1
1063	Pasuquin	2917	1
1064	Burgos	2918	1
1065	Pagudpud	2919	1
1066	Bangui	2920	1
1067	Dumalneg	2921	1
1068	Adams	2922	1
1069	Boac	4900	75
1070	Mogpog	4901	75
1071	Santa Cruz	4902	75
1072	Torrijos	4903	75
1073	Buenavista	4904	75
1074	Gasan	4905	75
1075	San Jose	5100	76
1076	Magsaysay	5101	76
1077	Calintaan	5102	76
1078	Rizal	5103	76
1079	Sablayan	5104	76
1080	Santa Cruz	5105	76
1081	Mamburao	5106	76
1082	Paluan	5107	76
1083	Abra de Ilog	5108	76
1084	Lubang	5109	76
1085	Tilik	5110	76
1086	Looc	5111	76
1087	Calapan	5200	77
1088	Baco	5201	77
1089	San Teodoro	5202	77
1090	Puerto Galera	5203	77
1091	Naujan	5204	77
1092	Victoria	5205	77
1093	Pola	5206	77
1094	Socorro	5207	77
1095	Pinamalayan	5208	77
1096	Gloria	5209	77
1097	Bansud	5210	77
1098	Bongabong	5211	77
1099	Roxas	5212	77
1100	Mansalay	5213	77
1101	Bulalacao	5214	77
1102	Puerto Princesa	5300	78
1103	Iwahig Penal Colony	5301	78
1104	Aborlan	5302	78
1105	Narra (Panacan)	5303	78
1106	Quezon	5304	78
1107	Brookes Point	5305	78
1108	Bataraza	5306	78
1109	Balabac	5307	78
1110	Roxas	5308	78
1111	San Vicente	5309	78
1112	Dumaran	5310	78
1113	Araceli	5311	78
1114	Taytay	5312	78
1115	El Nido (Bacuit)	5313	78
1116	Linapacan	5314	78
1117	Culion	5315	78
1118	Coron	5316	78
1119	Busuanga	5317	78
1120	Cuyo	5318	78
1121	Magsaysay	5319	78
1122	Agutaya	5320	78
1123	Cagayancillo	5321	78
1124	Kalayaan (Spratly Islands)	5322	78
1125	Rizal (Marcos)	5323	78
1126	Sofronio Española	5324	78
1127	Romblon	5500	79
1128	San Agustin	5501	79
1129	Santa Maria (Imelda)	5502	79
1130	Calatrava	5503	79
1131	San Andres	5504	79
1132	Odiongan	5505	79
1133	Ferrol	5506	79
1134	Looc	5507	79
1135	Santa Fe	5508	79
1136	Alcantara	5509	79
1137	San Jose	5510	79
1138	Magdiwang	5511	79
1139	Cajidiocan	5512	79
1140	San Fernando	5513	79
1141	Corcuera	5514	79
1142	Banton (Jones)	5515	79
1143	Concepcion	5516	79
1144	Manila Central Post Office	1000	65
1145	Quiapo	1001	65
1146	Intramuros	1002	65
1147	Santa Cruz (South)	1003	65
1148	Malate	1004	65
1149	San Miguel	1005	65
1150	Binondo	1006	65
1151	Paco	1007	65
1152	Sampaloc (East)	1008	65
1153	Santa Ana	1009	65
1154	San Nicolas	1010	65
1155	Pandacan	1011	65
1156	Tondo (South)	1012	65
1157	Tondo (North)	1013	65
1158	Santa Cruz (North)	1014	65
1159	Sampaloc (West)	1015	65
1160	Santa Mesa	1016	65
1161	San Andres	1017	65
1162	Port Area (South)	1018	65
1163	Central	1100	65
1164	Botocan	1101	65
1165	Amihan	1102	65
1166	Kamuning	1103	65
1167	Damayan	1104	65
1168	Alicia	1105	65
1169	Apolonio Samson	1106	65
1170	New Era	1107	65
1171	Loyola Heights	1108	65
1172	Bagumbuhay	1109	65
1173	Bagumbayan	1110	65
1174	Bagong Lipunan	1111	65
1175	Damayang Lagi	1112	65
1176	Don Manuel	1113	65
1177	N.S Amoranto (Gintong Silahis)	1114	65
1178	Balingasa	1115	65
1179	Bagbag	1116	65
1180	Capri	1117	65
1181	Fairview	1118	65
1182	Bagong Silangan	1119	65
1183	BF Homes	1120	65
1184	Commonwealth	1121	65
1185	Fairview (South)	1122	65
1186	Damong Maliit	1123	65
1187	Kaligayahan	1124	65
1188	Doña Faustina Subdivision	1125	65
1189	Batasan Hills	1126	65
1190	Holy Spirit	1127	65
1191	Culiat	1128	65
1192	San Antonio Village	1203	65
1193	La Paz	1204	65
1194	Santa Cruz	1205	65
1195	Kasilawan	1206	65
1196	Carmona–Olympia	1207	65
1197	Valenzuela	1208	65
1198	Bel-Air	1209	65
1199	Poblacion	1210	65
1200	Guadalupe Viejo	1211	65
1201	Guadalupe Nuevo	1212	65
1202	Pinagkaisahan–Pitogo	1213	65
1203	Cembo and South Cembo	1214	65
1204	West Rembo	1215	65
1205	East Rembo–Malapad na Bato	1216	65
1206	Comembo	1217	65
1207	Pembo	1218	65
1208	Forbes Park North	1219	65
1209	Forbes Park South	1220	65
1210	Dasmariñas Village North	1221	65
1211	Dasmariñas Village South	1222	65
1212	San Lorenzo Village	1223	65
1213	Urdaneta Village	1225	65
1214	Ayala Avenue–Paseo de Roxas	1226	65
1215	Salcedo Village	1227	65
1216	Greenbelt	1228	65
1217	Legaspi Village	1229	65
1218	Pio del Pilar	1230	65
1219	Magallanes Village	1232	65
1220	Bangkal	1233	65
1221	San Isidro	1234	65
1222	Palanan	1235	65
1223	San Rafael	1302	65
1224	San Roque	1303	65
1225	Santa Clara	1304	65
1226	San Jose	1305	65
1227	San Isidro	1306	65
1228	Villamor Airbase	1309	65
1229	Baesa	1401	65
1230	Santa Quiteria	1402	65
1231	Grace Park East	1403	65
1232	San Jose	1404	65
1233	First Avenue–Seventh Avenue West	1405	65
1234	Grace Park West	1406	65
1235	University Hills	1407	65
1236	Sangandaan	1408	65
1237	Kaunlaran Village	1409	65
1238	Maypajo	1410	65
1239	Kapitbahayan	1413	65
1240	Laguna	1420	65
1241	Bagumbong–Villa Crystal	1421	65
1242	Novaliches	1422	65
1243	Lilles Ville Subdivision	1423	65
1244	Capitol Parkland Subdivision	1424	65
1245	Amparo Subdivision and Dela Costa Homes II Subdivision	1425	65
1246	Bankers Village	1426	65
1247	Tala Leprosarium–Victory Heights	1427	65
1248	Bagong Silang	1428	65
1249	Karuhatan–Parada	1441	65
1250	Fortune Village	1442	65
1251	Dalandanan–West Canumay	1443	65
1252	Arkong Bato	1444	65
1253	Balangkas–Coloong	1445	65
1254	Lingunan	1446	65
1255	East Canumay–Lawang Bato Punturin	1447	65
1256	Mapulang Lupa	1448	65
1257	Malabon	1470	65
1258	Catmon	1471	65
1259	Longos	1472	65
1260	Tonsuya	1473	65
1261	Acacia	1474	65
1262	Potrero	1475	65
1263	Araneta Subdivision	1476	65
1264	Maysilo	1477	65
1265	Santolan	1478	65
1266	Muzon	1479	65
1267	Dampalit	1480	65
1268	Navotas	1485	65
1269	Tangos	1489	65
1270	Tanza	1490	65
1271	San Juan Central Post Office	1500	65
1272	Greenhills (North)	1503	65
1273	Eisenhower–Crame	1504	65
1274	Vergara	1551	65
1275	Shaw Boulevard	1552	65
1276	National Center for Mental Health	1553	65
1277	EDSA	1554	65
1278	Wack Wack	1555	65
1279	Greenhills South	1556	65
1280	San Joaquin	1601	65
1281	Pinagbuhatan	1602	65
1282	Kapitolyo	1603	65
1283	Ugong	1604	65
1284	Caniogan	1606	65
1285	Maybunga	1607	65
1286	Santa Lucia	1608	65
1287	Rosario	1609	65
1288	Santolan	1610	65
1289	Manggahan	1611	65
1290	Green Park	1612	65
1291	Aguhos	1620	65
1292	Santa Ana	1621	65
1293	Bagumbayan–Pinagsama	1630	65
1294	Bicutan	1631	65
1295	Lower Bicutan–Ususan	1632	65
1296	Upper Bicutan	1633	65
1297	Nichols–McKinley (Bonifacio Global City)	1634	65
1298	Bay Breeze Executive Village	1636	65
1299	Ibayo–Tipas	1637	65
1300	Ligid	1638	65
1301	Tambulig	7025	53
1302	Ozamiz	7200	53
1303	Clarin	7201	53
1304	Tudela	7202	53
1305	Sinacaban	7203	53
1306	Jimenez	7204	53
1307	Panaon	7205	53
1308	Aloran	7206	53
1309	Oroquieta	7207	53
1310	Lopez Jaena	7208	53
1311	Plaridel	7209	53
1312	Calamba	7210	53
1313	Baliangao	7211	53
1314	Sapang Dalaga	7212	53
1315	Concepcion	7213	53
1316	Tangub	7214	53
1317	Bonifacio	7215	53
1318	Malaybalay	8700	50
1319	Sumilao	8701	50
1320	Impasugong	8702	50
1321	Manolo Fortich	8703	50
1322	Malitbog	8704	50
1323	Camp Phillips	8705	50
1324	Libona	8706	50
1325	Baungon	8707	50
1326	Talakag	8708	50
1327	Valencia	8709	50
1328	Musuan	8710	50
1329	San Fernando	8711	50
1330	Don Carlos	8712	50
1331	Kadingilan	8713	50
1332	Maramag	8714	50
1333	Quezon	8715	50
1334	Kitaotao	8716	50
1335	Pangantucan	8717	50
1336	Kalilangan	8718	50
1337	Dangcagan	8719	50
1338	Kibawe	8720	50
1339	Damulog	8721	50
1340	Lantapan	8722	50
1341	Cabanglasan	8723	50
1342	Cagayan de Oro	9000	50
1343	Tagoloan	9001	54
1344	Villanueva	9002	54
1345	Jasaan	9003	54
1346	Claveria	9004	54
1347	Balingasag	9005	54
1348	Lagonglong	9006	54
1349	Salay	9007	54
1350	Binuangan	9008	54
1351	Sugbongcogon	9009	54
1352	Kinoguitan	9010	54
1353	Balingoan	9011	54
1354	Talisayan	9012	54
1355	Medina	9013	54
1356	Gingoog	9014	54
1357	Magsaysay	9015	54
1358	Opol	9016	54
1359	El Salvador	9017	54
1360	Alubijid	9018	54
1361	Laguindingan	9019	54
1362	Gitagum	9020	54
1363	Libertad	9021	54
1364	Initao	9022	54
1365	Naawan	9023	54
1366	Manticao	9024	54
1367	Lugait	9025	54
1368	Mambajao	9100	51
1369	Mahinog	9101	51
1370	Guinsiliban	9102	51
1371	Sagay	9103	51
1372	Catarman	9104	51
1373	Iligan	9200	52
1374	Linamon	9201	52
1375	Kauswagan	9202	52
1376	Matungao	9203	52
1377	Poona Piagapo	9204	52
1378	Bacolod	9205	52
1379	Maigo	9206	52
1380	Kolambugan	9207	52
1381	Pantao Ragat	9208	52
1382	Tubod	9209	52
1383	Baroy	9210	52
1384	Lala	9211	52
1385	Salvador	9212	52
1386	Sapad	9213	52
1387	Kapatagan	9214	52
1388	Sultan Naga Dimaporo (Karomatan)	9215	52
1389	Nunungan	9216	52
1390	Baloi	9217	52
1391	Munai	9219	52
1392	Tangcal	9220	52
1393	Magsaysay	9221	52
1394	Tagoloan	9222	52
1395	Tagoloan II	9321	52
1396	Kidapawan	9400	60
1397	Makilala	9401	60
1398	M Lang	9402	60
1399	Tulunan	9403	60
1400	Magpet	9404	60
1401	President Roxas	9405	60
1402	Matalam	9406	60
1403	Kabacan	9407	60
1404	Carmen	9408	60
1405	Pikit	9409	60
1406	Midsayap	9410	60
1407	Libungan	9411	60
1408	Pigkawayan	9412	60
1409	Alamada	9413	60
1410	Antipas	9414	60
1411	Aleosan	9415	60
1412	Banisilan	9416	60
1413	Arakan	9417	60
1414	General Santos (Dadiangas)	9500	61
1415	Alabel	9501	63
1416	Maasim	9502	63
1417	Malungon	9503	63
1418	Polomolok	9504	61
1419	Tupi	9505	61
1420	Koronadal	9506	61
1421	Tampakan	9507	61
1422	Norala	9508	61
1423	Santo Niño	9509	61
1424	Tantangan	9510	61
1425	Banga	9511	61
1426	Surallah	9512	61
1427	T Boli	9513	61
1428	Kiamba	9514	63
1429	Maitum	9515	63
1430	Malapatan	9516	63
1431	Glan	9517	63
1432	Tacurong	9800	62
1433	Columbio	9801	62
1434	Lambayong	9802	62
1435	Lutayan	9803	62
1436	President Quirino	9804	62
1437	Isulan	9805	62
1438	Esperanza	9806	62
1439	Lebak	9807	62
1440	Kalamansig	9808	62
1441	Palimbang	9809	62
1442	Bagumbayan	9810	62
1443	Senator Ninoy Aquino	9811	62
1444	Iloilo City	5000	33
1445	Pavia	5001	33
1446	Santa Barbara	5002	33
1447	Leganes	5003	33
1448	Zarraga	5004	33
1449	New Lucena	5005	33
1450	Dumangas	5006	33
1451	Barotac Nuevo	5007	33
1452	Pototan	5008	33
1453	Anilao	5009	33
1454	Banate	5010	33
1455	Barotac Viejo	5011	33
1456	Ajuy	5012	33
1457	Concepcion	5013	33
1458	Sara	5014	33
1459	San Dionisio	5015	33
1460	Batad	5016	33
1461	Estancia	5017	33
1462	Balasan	5018	33
1463	Carles	5019	33
1464	Oton	5020	33
1465	Tigbauan	5021	33
1466	Guimbal	5022	33
1467	Miagao	5023	33
1468	San Joaquin	5024	33
1469	San Miguel	5025	33
1470	Leon	5026	33
1471	Tubungan	5027	33
1472	Alimodian	5028	33
1473	Igbaras	5029	33
1474	Maasin	5030	33
1475	Cabatuan	5031	33
1476	Mina	5032	33
1477	Badiangan	5033	33
1478	Janiuay	5034	33
1479	Dingle	5035	33
1480	San Enrique	5036	33
1481	Passi	5037	33
1482	Duenas	5038	33
1483	San Rafael	5039	33
1484	Calinog	5040	33
1485	Bingawan	5041	33
1486	Lambunao	5042	33
1487	Lemery	5043	33
1488	Buenavista	5044	32
1489	Jordan	5045	32
1490	Nueva Valencia	5046	32
1491	San Lorenzo	5047	32
1492	Sibunag	5048	32
1493	Kalibo	5600	30
1494	Banga	5601	30
1495	Libacao	5602	30
1496	Madalag	5603	30
1497	Numancia	5604	30
1498	Lezo	5605	30
1499	Malinao	5606	30
1500	Nabas	5607	30
1501	Malay	5608	30
1502	Buruanga	5609	30
1503	New Washington	5610	30
1504	Makato	5611	30
1505	Tangalan	5612	30
1506	Ibajay	5613	30
1507	Balete	5614	30
1508	Batan	5615	30
1509	Altavas	5616	30
1510	San Jose	5700	31
1511	Belison	5701	31
1512	Patnongon	5702	31
1513	Valderrama	5703	31
1514	Bugasong	5704	31
1515	Laua-an	5705	31
1516	Barbaza	5706	31
1517	Tibiao	5707	31
1518	Culasi	5708	31
1519	Sebaste	5709	31
1520	Libertad	5710	31
1521	Caluya	5711	31
1522	Pandan	5712	31
1523	Sibalom	5713	31
1524	San Remigio	5714	31
1525	Hamtic	5715	31
1526	Tobias Fornier (Dao)	5716	31
1527	Anini-y	5717	31
1528	Roxas	5800	32
1529	Pan-ay	5801	32
1530	Pontevedra	5802	32
1531	President Roxas	5803	32
1532	Pilar	5804	32
1533	Ivisan	5805	32
1534	Sapian	5806	32
1535	Mambusao	5807	32
1536	Jamindan	5808	32
1537	Ma-ayon	5809	32
1538	Dao	5810	32
1539	Cuartero	5811	32
1540	Dumarao	5812	32
1541	Dumalag	5813	32
1542	Tapaz	5814	32
1543	Panitan	5815	32
1544	Sigma	5816	32
1545	Bacolod	6100	34
1546	Bago	6101	34
1547	Pulupandan	6102	34
1548	Valladolid	6103	34
1549	San Enrique	6104	34
1550	Pontevedra	6105	34
1551	Hinigaran	6106	34
1552	Binalbagan	6107	34
1553	Himamaylan	6108	34
1554	Ilog	6109	34
1555	Candoni	6110	34
1556	Kabankalan	6111	34
1557	Cauayan	6112	34
1558	Sipalay	6113	34
1559	Hinoba-an	6114	34
1560	Talisay	6115	34
1561	Silay	6116	34
1562	Enrique B. Magalona	6118	34
1563	Victorias	6119	34
1564	Manapla	6120	34
1565	Cadiz	6121	34
1566	Sagay	6122	34
1567	Paraiso (Fabrica)	6123	34
1568	Escalante	6124	34
1569	Toboso	6125	34
1570	Calatrava	6126	34
1571	San Carlos	6127	34
1572	Isabela	6128	34
1573	Murcia	6129	34
1574	La Carlota	6130	34
1575	La Castellana	6131	34
1576	Moises Padilla	6132	34
1577	Zamboanga City	7000	47
1578	Ipil	7001	48
1579	Roseller T. Lim	7002	48
1580	Titay	7003	48
1581	Naga	7004	48
1582	Kabasalan	7005	48
1583	Siay	7006	48
1584	Imelda	7007	48
1585	Payao	7008	48
1586	Buug	7009	48
1587	Mabuhay	7010	48
1588	Bayog	7011	47
1589	Talusan	7012	48
1590	Kumalarang	7013	47
1591	Lakewood	7014	47
1592	Dumalinao	7015	47
1593	Pagadian	7016	47
1594	Labangan	7017	47
1595	Tungawan	7018	48
1596	Tukuran	7019	47
1597	Aurora	7020	47
1598	Midsalip	7021	47
1599	Sominot (Don Mariano Marcos)	7022	47
1600	Molave	7023	47
1601	Ramon Magsaysay (Liargo)	7024	47
1602	Mahayag	7026	47
1603	Josefina	7027	47
1604	Dumingag	7028	47
1605	San Miguel	7029	47
1606	Dinas	7030	47
1607	San Pablo	7031	47
1608	Dimataling	7032	47
1609	Pitogo	7033	47
1610	Tabina	7034	47
1611	Margosatubig	7035	47
1612	Vincenzo A. Sagun	7036	47
1613	Lapuyan	7037	47
1614	Malangas	7038	48
1615	Diplahan	7039	48
1616	Alicia	7040	48
1617	Olutanga	7041	48
1618	Guipos	7042	47
1619	Tigbao	7043	47
1620	Dipolog	7100	46
1621	Dapitan	7101	46
1622	Pres. Manuel A. Roxas	7102	46
1623	Sibutad	7103	46
1624	Rizal	7104	46
1625	Piñan	7105	46
1626	Polanco	7106	46
1627	Mutia	7107	46
1628	Sergio Osmeña Sr.	7108	46
1629	Katipunan	7109	46
1630	Manukan	7110	46
1631	Jose Dalman (Ponot)	7111	46
1632	Sindangan	7112	46
1633	Siayan	7113	46
1634	Salug	7114	46
1635	Liloy	7115	46
1636	Tampilisan	7116	46
1637	Labason	7117	46
1638	Gutalac	7118	46
1639	La Libertad	7119	46
1640	Siocon	7120	46
1641	Sirawai	7121	46
1642	Sibuco	7122	46
1643	Baliguian	7123	46
1644	Kalawit	7124	46
1645	Leon B. Postigo	7125	46
1646	Godod	7126	46
1647	Isabela City	7300	83
\.


--
-- Data for Name: otp_email_emaildevice; Type: TABLE DATA; Schema: public; Owner: postgres
--

COPY public.otp_email_emaildevice (id, name, confirmed, user_id, token, valid_until, email, throttling_failure_count, throttling_failure_timestamp, last_generated_timestamp, created_at, last_used_at) FROM stdin;
1	default	t	1	595613	2025-09-14 12:24:12.570993+08	jamespcarba@gmail.com	0	\N	\N	2025-09-14 12:14:12.571018+08	\N
2	default	t	1	347009	2025-09-14 20:21:16.951214+08	jamespcarba@gmail.com	0	\N	\N	2025-09-14 20:11:16.951247+08	\N
3	default	f	1	646873	2025-09-14 20:32:41.273263+08	jamespcarba@gmail.com	0	\N	\N	2025-09-14 20:22:41.27331+08	\N
4	default	t	1	258690	2025-09-22 12:32:10.866586+08	jamespcarba@gmail.com	0	\N	\N	2025-09-22 12:22:10.866615+08	\N
5	default	t	1	186558	2025-09-29 12:23:31.49809+08	jamespcarba@gmail.com	0	\N	\N	2025-09-29 12:13:31.498153+08	\N
6	default	t	1	657720	2025-09-29 21:43:28.010152+08	jamespcarba@gmail.com	0	\N	\N	2025-09-29 21:33:28.010431+08	\N
7	default	t	1	556306	2025-09-29 21:45:05.081948+08	jamespcarba@gmail.com	0	\N	\N	2025-09-29 21:35:05.081983+08	\N
8	default	t	1	048622	2025-09-29 21:53:38.07088+08	jamespcarba@gmail.com	0	\N	\N	2025-09-29 21:43:38.070917+08	\N
9	default	t	1	065647	2025-09-29 22:10:32.684162+08	jamespcarba@gmail.com	0	\N	\N	2025-09-29 22:00:32.684301+08	\N
10	default	t	16	733186	2025-09-29 22:41:39.142469+08	akosiNatoy@gmail.com	0	\N	\N	2025-09-29 22:31:39.142505+08	\N
11	default	t	16	635457	2025-09-29 22:42:19.10691+08	akosiNatoy@gmail.com	0	\N	\N	2025-09-29 22:32:19.106959+08	\N
12	default	t	16	311156	2025-09-29 22:55:13.157294+08	akosiNatoy@gmail.com	0	\N	\N	2025-09-29 22:45:13.157322+08	\N
13	default	t	1	807741	2025-10-01 10:22:36.68536+08	jamespcarba@gmail.com	0	\N	\N	2025-10-01 10:12:36.685395+08	\N
14	default	t	1	137506	2025-10-01 10:23:09.941347+08	jamespcarba@gmail.com	0	\N	\N	2025-10-01 10:13:09.941381+08	\N
15	default	t	1	938756	2025-10-01 10:58:19.999358+08	jamespcarba@gmail.com	0	\N	\N	2025-10-01 10:48:19.999387+08	\N
16	default	t	1	987979	2025-10-01 12:54:31.1736+08	jamespcarba@gmail.com	0	\N	\N	2025-10-01 12:44:31.173637+08	\N
17	default	t	1	911989	2025-10-01 12:58:54.245985+08	jamespcarba@gmail.com	0	\N	\N	2025-10-01 12:48:54.246015+08	\N
18	default	t	1	038956	2025-10-01 13:07:52.36522+08	jamespcarba@gmail.com	0	\N	\N	2025-10-01 12:57:52.36526+08	\N
19	default	t	16	061581	2025-10-01 13:10:24.117137+08	akosiNatoy@gmail.com	0	\N	\N	2025-10-01 13:00:24.117176+08	\N
20	default	t	1	370751	2025-10-01 13:26:59.350617+08	jamespcarba@gmail.com	0	\N	\N	2025-10-01 13:16:59.350659+08	\N
\.


--
-- Data for Name: product; Type: TABLE DATA; Schema: public; Owner: postgres
--

COPY public.product (product_id, name, description, brand_id, category_id, purchase_price, selling_price, quantity) FROM stdin;
\.


--
-- Data for Name: product_car_compatibility; Type: TABLE DATA; Schema: public; Owner: postgres
--

COPY public.product_car_compatibility (product_id, model_id, start_year_id, end_year_id) FROM stdin;
\.


--
-- Data for Name: product_years; Type: TABLE DATA; Schema: public; Owner: postgres
--

COPY public.product_years (year_id, year) FROM stdin;
\.


--
-- Data for Name: province; Type: TABLE DATA; Schema: public; Owner: postgres
--

COPY public.province (province_id, name, region_id) FROM stdin;
1	Ilocos Norte	1
2	Ilocos Sur	1
3	La Union	1
4	Pangasinan	1
5	Batanes	1
6	Cagayan	1
7	Isabela	1
8	Nueva Vizcaya	1
9	Quirino	1
10	Bataan	1
11	Bulacan	1
12	Pampanga	1
13	Zambales	1
14	Nueva Ecija	1
15	Pampanga	1
16	Tarlac	1
18	Aurora	1
19	Batangas	1
20	Cavite	1
21	Laguna	1
22	Quezon	1
23	Rizal	1
24	Albay	1
25	Camarines Norte	1
26	Camarines Sur	1
27	Catanduanes	1
28	Masbate	1
29	Sorsogon	1
30	Aklan	2
31	Antique	2
32	Capiz	2
33	Iloilo	2
34	Negros Occidental	2
35	Guimaras	2
36	Bohol	2
37	Cebu	2
38	Negros Oriental	2
39	Siquijor	2
40	Eastern Samar	2
41	Leyte	2
42	Northern Samar	2
43	Samar (Western Samar)	2
44	Southern Leyte	2
45	Biliran	2
46	Zamboanga del Norte	3
47	Zamboanga del Sur	3
48	Zamboanga Sibugay	3
50	Bukidnon	3
51	Camiguin	3
52	Lanao del Norte	3
53	Misamis Occidental	3
54	Misamis Oriental	3
55	Davao del Norte	3
56	Davao del Sur	3
57	Davao Oriental	3
58	Davao de Oro	3
59	Davao Occidental	3
60	North Cotabato	3
61	South Cotabato	3
62	Sultan Kudarat	3
63	Sarangani	3
65	City of Manila	1
69	Abra	1
70	Benguet	1
71	Ifugao	1
72	Kalinga	1
73	Mountain Province	1
74	Apayao	1
75	Marinduque	1
76	Occidental Mindoro	1
77	Oriental Mindoro	1
78	Palawan	1
79	Romblon	1
80	Negros Occidental	2
81	Negros Oriental	2
82	Siquijor	2
83	Basilan	3
84	Lanao del Sur	3
85	Sulu	3
86	Tawi-tawi	3
87	Maguindanao del Norte	3
88	Maguindanao del Sur	3
\.


--
-- Data for Name: region; Type: TABLE DATA; Schema: public; Owner: postgres
--

COPY public.region (region_id, name) FROM stdin;
1	Luzon
2	Visayas
3	Mindanao
\.


--
-- Data for Name: return_item; Type: TABLE DATA; Schema: public; Owner: postgres
--

COPY public.return_item (return_id, sale_id, product_id, quantity, reason, date) FROM stdin;
\.


--
-- Data for Name: role_type; Type: TABLE DATA; Schema: public; Owner: postgres
--

COPY public.role_type (role_id, title) FROM stdin;
1	Admin
2	Manager
3	Staff
4	user
\.


--
-- Data for Name: sale; Type: TABLE DATA; Schema: public; Owner: postgres
--

COPY public.sale (sale_id, customer_id, user_id, total_amount, payment_type, date) FROM stdin;
\.


--
-- Data for Name: sale_details; Type: TABLE DATA; Schema: public; Owner: postgres
--

COPY public.sale_details (sale_detail_id, sale_id, product_id, quantity, selling_price, sub_total) FROM stdin;
\.


--
-- Data for Name: status_type; Type: TABLE DATA; Schema: public; Owner: postgres
--

COPY public.status_type (status_id, title) FROM stdin;
\.


--
-- Data for Name: supplier; Type: TABLE DATA; Schema: public; Owner: postgres
--

COPY public.supplier (supplier_id, name, contact_number, address) FROM stdin;
\.


--
-- Data for Name: supplier_email; Type: TABLE DATA; Schema: public; Owner: postgres
--

COPY public.supplier_email (email_id, email, supplier_id) FROM stdin;
\.


--
-- Data for Name: supply; Type: TABLE DATA; Schema: public; Owner: postgres
--

COPY public.supply (supply_id, user_id, supplier_id, total_cost, receipt_number, date) FROM stdin;
\.


--
-- Data for Name: supply_details; Type: TABLE DATA; Schema: public; Owner: postgres
--

COPY public.supply_details (id, supply_id, product_id, quantity, price, sub_total, condition_id) FROM stdin;
\.


--
-- Data for Name: user_cart; Type: TABLE DATA; Schema: public; Owner: postgres
--

COPY public.user_cart (user_id, product_id, quantity, price_at_addition, created_at, updated_at) FROM stdin;
\.


--
-- Data for Name: user_employee; Type: TABLE DATA; Schema: public; Owner: postgres
--

COPY public.user_employee (user_id, user_name, username, password, email, mobile_phone, role_id, profile_picture, is_superuser, last_login, contact_type) FROM stdin;
7	John Williams	JohnW	bcrypt_sha256$$2b$12$vt4HZi/yQehUyEJebPvnse9MFDjbgzm4/qRA59iNgH8NthkarcFqG	\N	\N	3		f	\N	email
8	Lance Andres	lansvl	bcrypt_sha256$$2b$12$PlxeT6nAeZZvOOGRk1i7NOmBLJUZkOeQtgvXpW.sYMxnbY2qJ2bz2	\N	\N	1		f	\N	email
9	kissy	kcsoria	bcrypt_sha256$$2b$12$ksvS074i8G2rZbqxGdHuRuXseQPsVc/I5uV5/aeZP91oMZSZwa60G	\N	\N	1		f	\N	email
11	Paul	peenpapi	bcrypt_sha256$$2b$12$ga1es5G1AkzwrXk1A0cBN.ZffuYQqQ8Hl9Zd192bP.tx9EJpfLy3i	picsforsale0521@gmail.com	09956105351	1	\N	f	\N	email
12	Carballo	papicholo	bcrypt_sha256$$2b$12$Sr87SSBtaRi13moNRFRbXuZHWxarRTKEF2jseXOs93m29Ls.C73mW		09561053511	2	\N	f	\N	email
13	JC	jcataal	bcrypt_sha256$$2b$12$LuepaO1cQpMfhAzcrvz.l.4GGuNruHtq93YOs8WG9fvhpNVgsXH/i	jcreycataal1217@gmail.com	09202423783	2	\N	f	\N	email
14	Angela Acebedo	acacebedo	bcrypt_sha256$$2b$12$1XFIMAfYLs2XpU/fXPyq2.UC4AHsDOBGfrNlxwpY.cH1Aiv39fvku	acacebedo@mcm.edu.ph	09437260913	3	\N	f	\N	email
15	sample lang	samplelang	bcrypt_sha256$$2b$12$32S16KfGZeT1XEhIV2nZbeuD4/jVrXhlVN6ihtjoBTvAli0MLnICq	samplelang@gmail.com	092310401231	3	\N	f	\N	email
16	Natoy	akosiNatoy	bcrypt_sha256$$2b$12$5ib7egIWlKV6tmdG8AcAXe93erv.OY54wQoxs5v9Q3sIgqss1Cclq	akosiNatoy@gmail.com	09258567999	4	profile_pics/1x1_Picture.jpg	f	\N	email
1	James Paul U. Carballo	james43233	bcrypt_sha256$$2b$12$jNNtV.vmYZ1Nui75kdGbjeD1gy7zE1epb7uoxPvEy2Sj6p1ErVCZi	jamespcarba@gmail.com	09956105351	1	profile_pics/Mikha.png	f	\N	email
\.


--
-- Data for Name: user_otp; Type: TABLE DATA; Schema: public; Owner: postgres
--

COPY public.user_otp (id, code, method, confirmed, used, valid_until, created_at, user_id) FROM stdin;
\.


--
-- Name: address_address_id_seq; Type: SEQUENCE SET; Schema: public; Owner: postgres
--

SELECT pg_catalog.setval('public.address_address_id_seq', 1, false);


--
-- Name: auth_group_id_seq; Type: SEQUENCE SET; Schema: public; Owner: postgres
--

SELECT pg_catalog.setval('public.auth_group_id_seq', 1, false);


--
-- Name: auth_group_permissions_id_seq; Type: SEQUENCE SET; Schema: public; Owner: postgres
--

SELECT pg_catalog.setval('public.auth_group_permissions_id_seq', 1, false);


--
-- Name: auth_permission_id_seq; Type: SEQUENCE SET; Schema: public; Owner: postgres
--

SELECT pg_catalog.setval('public.auth_permission_id_seq', 80, true);


--
-- Name: barangay_barangay_id_seq; Type: SEQUENCE SET; Schema: public; Owner: postgres
--

SELECT pg_catalog.setval('public.barangay_barangay_id_seq', 1, false);


--
-- Name: brand_brand_id_seq; Type: SEQUENCE SET; Schema: public; Owner: postgres
--

SELECT pg_catalog.setval('public.brand_brand_id_seq', 1, false);


--
-- Name: car_models_model_id_seq; Type: SEQUENCE SET; Schema: public; Owner: postgres
--

SELECT pg_catalog.setval('public.car_models_model_id_seq', 1, false);


--
-- Name: cars_car_id_seq; Type: SEQUENCE SET; Schema: public; Owner: postgres
--

SELECT pg_catalog.setval('public.cars_car_id_seq', 1, false);


--
-- Name: category_category_id_seq; Type: SEQUENCE SET; Schema: public; Owner: postgres
--

SELECT pg_catalog.setval('public.category_category_id_seq', 1, false);


--
-- Name: condition_item_condition_id_seq; Type: SEQUENCE SET; Schema: public; Owner: postgres
--

SELECT pg_catalog.setval('public.condition_item_condition_id_seq', 1, false);


--
-- Name: courier_courier_id_seq; Type: SEQUENCE SET; Schema: public; Owner: postgres
--

SELECT pg_catalog.setval('public.courier_courier_id_seq', 1, false);


--
-- Name: customer_customer_id_seq; Type: SEQUENCE SET; Schema: public; Owner: postgres
--

SELECT pg_catalog.setval('public.customer_customer_id_seq', 1, false);


--
-- Name: delivery_delivery_id_seq; Type: SEQUENCE SET; Schema: public; Owner: postgres
--

SELECT pg_catalog.setval('public.delivery_delivery_id_seq', 1, false);


--
-- Name: delivery_history_history_id_seq; Type: SEQUENCE SET; Schema: public; Owner: postgres
--

SELECT pg_catalog.setval('public.delivery_history_history_id_seq', 1, false);


--
-- Name: delivery_statuses_status_id_seq; Type: SEQUENCE SET; Schema: public; Owner: postgres
--

SELECT pg_catalog.setval('public.delivery_statuses_status_id_seq', 1, false);


--
-- Name: django_admin_log_id_seq; Type: SEQUENCE SET; Schema: public; Owner: postgres
--

SELECT pg_catalog.setval('public.django_admin_log_id_seq', 1, false);


--
-- Name: django_content_type_id_seq; Type: SEQUENCE SET; Schema: public; Owner: postgres
--

SELECT pg_catalog.setval('public.django_content_type_id_seq', 20, true);


--
-- Name: django_migrations_id_seq; Type: SEQUENCE SET; Schema: public; Owner: postgres
--

SELECT pg_catalog.setval('public.django_migrations_id_seq', 34, true);


--
-- Name: merchant_merchant_id_seq; Type: SEQUENCE SET; Schema: public; Owner: postgres
--

SELECT pg_catalog.setval('public.merchant_merchant_id_seq', 1, false);


--
-- Name: mode_payment_payment_id_seq; Type: SEQUENCE SET; Schema: public; Owner: postgres
--

SELECT pg_catalog.setval('public.mode_payment_payment_id_seq', 1, false);


--
-- Name: municipality_municipality_id_seq; Type: SEQUENCE SET; Schema: public; Owner: postgres
--

SELECT pg_catalog.setval('public.municipality_municipality_id_seq', 1, false);


--
-- Name: otp_email_emaildevice_id_seq; Type: SEQUENCE SET; Schema: public; Owner: postgres
--

SELECT pg_catalog.setval('public.otp_email_emaildevice_id_seq', 20, true);


--
-- Name: product_product_id_seq; Type: SEQUENCE SET; Schema: public; Owner: postgres
--

SELECT pg_catalog.setval('public.product_product_id_seq', 1, false);


--
-- Name: product_years_year_id_seq; Type: SEQUENCE SET; Schema: public; Owner: postgres
--

SELECT pg_catalog.setval('public.product_years_year_id_seq', 1, false);


--
-- Name: province_province_id_seq; Type: SEQUENCE SET; Schema: public; Owner: postgres
--

SELECT pg_catalog.setval('public.province_province_id_seq', 1, false);


--
-- Name: region_region_id_seq; Type: SEQUENCE SET; Schema: public; Owner: postgres
--

SELECT pg_catalog.setval('public.region_region_id_seq', 1, false);


--
-- Name: return_item_return_id_seq; Type: SEQUENCE SET; Schema: public; Owner: postgres
--

SELECT pg_catalog.setval('public.return_item_return_id_seq', 1, false);


--
-- Name: role_type_role_id_seq; Type: SEQUENCE SET; Schema: public; Owner: postgres
--

SELECT pg_catalog.setval('public.role_type_role_id_seq', 1, false);


--
-- Name: sale_details_sale_detail_id_seq; Type: SEQUENCE SET; Schema: public; Owner: postgres
--

SELECT pg_catalog.setval('public.sale_details_sale_detail_id_seq', 1, false);


--
-- Name: sale_sale_id_seq; Type: SEQUENCE SET; Schema: public; Owner: postgres
--

SELECT pg_catalog.setval('public.sale_sale_id_seq', 1, false);


--
-- Name: status_type_status_id_seq; Type: SEQUENCE SET; Schema: public; Owner: postgres
--

SELECT pg_catalog.setval('public.status_type_status_id_seq', 1, false);


--
-- Name: supplier_email_email_id_seq; Type: SEQUENCE SET; Schema: public; Owner: postgres
--

SELECT pg_catalog.setval('public.supplier_email_email_id_seq', 1, false);


--
-- Name: supplier_supplier_id_seq; Type: SEQUENCE SET; Schema: public; Owner: postgres
--

SELECT pg_catalog.setval('public.supplier_supplier_id_seq', 1, false);


--
-- Name: supply_details_id_seq; Type: SEQUENCE SET; Schema: public; Owner: postgres
--

SELECT pg_catalog.setval('public.supply_details_id_seq', 1, false);


--
-- Name: supply_supply_id_seq; Type: SEQUENCE SET; Schema: public; Owner: postgres
--

SELECT pg_catalog.setval('public.supply_supply_id_seq', 1, false);


--
-- Name: user_employee_user_id_seq; Type: SEQUENCE SET; Schema: public; Owner: postgres
--

SELECT pg_catalog.setval('public.user_employee_user_id_seq', 16, true);


--
-- Name: user_otp_id_seq; Type: SEQUENCE SET; Schema: public; Owner: postgres
--

SELECT pg_catalog.setval('public.user_otp_id_seq', 1, false);


--
-- Name: address address_pkey; Type: CONSTRAINT; Schema: public; Owner: postgres
--

ALTER TABLE ONLY public.address
    ADD CONSTRAINT address_pkey PRIMARY KEY (address_id);


--
-- Name: auth_group auth_group_name_key; Type: CONSTRAINT; Schema: public; Owner: postgres
--

ALTER TABLE ONLY public.auth_group
    ADD CONSTRAINT auth_group_name_key UNIQUE (name);


--
-- Name: auth_group_permissions auth_group_permissions_group_id_permission_id_0cd325b0_uniq; Type: CONSTRAINT; Schema: public; Owner: postgres
--

ALTER TABLE ONLY public.auth_group_permissions
    ADD CONSTRAINT auth_group_permissions_group_id_permission_id_0cd325b0_uniq UNIQUE (group_id, permission_id);


--
-- Name: auth_group_permissions auth_group_permissions_pkey; Type: CONSTRAINT; Schema: public; Owner: postgres
--

ALTER TABLE ONLY public.auth_group_permissions
    ADD CONSTRAINT auth_group_permissions_pkey PRIMARY KEY (id);


--
-- Name: auth_group auth_group_pkey; Type: CONSTRAINT; Schema: public; Owner: postgres
--

ALTER TABLE ONLY public.auth_group
    ADD CONSTRAINT auth_group_pkey PRIMARY KEY (id);


--
-- Name: auth_permission auth_permission_content_type_id_codename_01ab375a_uniq; Type: CONSTRAINT; Schema: public; Owner: postgres
--

ALTER TABLE ONLY public.auth_permission
    ADD CONSTRAINT auth_permission_content_type_id_codename_01ab375a_uniq UNIQUE (content_type_id, codename);


--
-- Name: auth_permission auth_permission_pkey; Type: CONSTRAINT; Schema: public; Owner: postgres
--

ALTER TABLE ONLY public.auth_permission
    ADD CONSTRAINT auth_permission_pkey PRIMARY KEY (id);


--
-- Name: barangay barangay_pkey; Type: CONSTRAINT; Schema: public; Owner: postgres
--

ALTER TABLE ONLY public.barangay
    ADD CONSTRAINT barangay_pkey PRIMARY KEY (barangay_id);


--
-- Name: brand brand_pkey; Type: CONSTRAINT; Schema: public; Owner: postgres
--

ALTER TABLE ONLY public.brand
    ADD CONSTRAINT brand_pkey PRIMARY KEY (brand_id);


--
-- Name: car_models car_models_car_id_model_name_key; Type: CONSTRAINT; Schema: public; Owner: postgres
--

ALTER TABLE ONLY public.car_models
    ADD CONSTRAINT car_models_car_id_model_name_key UNIQUE (car_id, model_name);


--
-- Name: car_models car_models_pkey; Type: CONSTRAINT; Schema: public; Owner: postgres
--

ALTER TABLE ONLY public.car_models
    ADD CONSTRAINT car_models_pkey PRIMARY KEY (model_id);


--
-- Name: cars cars_make_key; Type: CONSTRAINT; Schema: public; Owner: postgres
--

ALTER TABLE ONLY public.cars
    ADD CONSTRAINT cars_make_key UNIQUE (make);


--
-- Name: cars cars_pkey; Type: CONSTRAINT; Schema: public; Owner: postgres
--

ALTER TABLE ONLY public.cars
    ADD CONSTRAINT cars_pkey PRIMARY KEY (car_id);


--
-- Name: category category_pkey; Type: CONSTRAINT; Schema: public; Owner: postgres
--

ALTER TABLE ONLY public.category
    ADD CONSTRAINT category_pkey PRIMARY KEY (category_id);


--
-- Name: condition_item condition_item_pkey; Type: CONSTRAINT; Schema: public; Owner: postgres
--

ALTER TABLE ONLY public.condition_item
    ADD CONSTRAINT condition_item_pkey PRIMARY KEY (condition_id);


--
-- Name: courier courier_pkey; Type: CONSTRAINT; Schema: public; Owner: postgres
--

ALTER TABLE ONLY public.courier
    ADD CONSTRAINT courier_pkey PRIMARY KEY (courier_id);


--
-- Name: customer customer_pkey; Type: CONSTRAINT; Schema: public; Owner: postgres
--

ALTER TABLE ONLY public.customer
    ADD CONSTRAINT customer_pkey PRIMARY KEY (customer_id);


--
-- Name: delivery_history delivery_history_pkey; Type: CONSTRAINT; Schema: public; Owner: postgres
--

ALTER TABLE ONLY public.delivery_history
    ADD CONSTRAINT delivery_history_pkey PRIMARY KEY (history_id);


--
-- Name: delivery delivery_pkey; Type: CONSTRAINT; Schema: public; Owner: postgres
--

ALTER TABLE ONLY public.delivery
    ADD CONSTRAINT delivery_pkey PRIMARY KEY (delivery_id);


--
-- Name: delivery_statuses delivery_statuses_pkey; Type: CONSTRAINT; Schema: public; Owner: postgres
--

ALTER TABLE ONLY public.delivery_statuses
    ADD CONSTRAINT delivery_statuses_pkey PRIMARY KEY (status_id);


--
-- Name: delivery_statuses delivery_statuses_status_name_key; Type: CONSTRAINT; Schema: public; Owner: postgres
--

ALTER TABLE ONLY public.delivery_statuses
    ADD CONSTRAINT delivery_statuses_status_name_key UNIQUE (status_name);


--
-- Name: django_admin_log django_admin_log_pkey; Type: CONSTRAINT; Schema: public; Owner: postgres
--

ALTER TABLE ONLY public.django_admin_log
    ADD CONSTRAINT django_admin_log_pkey PRIMARY KEY (id);


--
-- Name: django_content_type django_content_type_app_label_model_76bd3d3b_uniq; Type: CONSTRAINT; Schema: public; Owner: postgres
--

ALTER TABLE ONLY public.django_content_type
    ADD CONSTRAINT django_content_type_app_label_model_76bd3d3b_uniq UNIQUE (app_label, model);


--
-- Name: django_content_type django_content_type_pkey; Type: CONSTRAINT; Schema: public; Owner: postgres
--

ALTER TABLE ONLY public.django_content_type
    ADD CONSTRAINT django_content_type_pkey PRIMARY KEY (id);


--
-- Name: django_migrations django_migrations_pkey; Type: CONSTRAINT; Schema: public; Owner: postgres
--

ALTER TABLE ONLY public.django_migrations
    ADD CONSTRAINT django_migrations_pkey PRIMARY KEY (id);


--
-- Name: django_session django_session_pkey; Type: CONSTRAINT; Schema: public; Owner: postgres
--

ALTER TABLE ONLY public.django_session
    ADD CONSTRAINT django_session_pkey PRIMARY KEY (session_key);


--
-- Name: merchant merchant_pkey; Type: CONSTRAINT; Schema: public; Owner: postgres
--

ALTER TABLE ONLY public.merchant
    ADD CONSTRAINT merchant_pkey PRIMARY KEY (merchant_id);


--
-- Name: mode_payment mode_payment_pkey; Type: CONSTRAINT; Schema: public; Owner: postgres
--

ALTER TABLE ONLY public.mode_payment
    ADD CONSTRAINT mode_payment_pkey PRIMARY KEY (payment_id);


--
-- Name: municipality municipality_pkey; Type: CONSTRAINT; Schema: public; Owner: postgres
--

ALTER TABLE ONLY public.municipality
    ADD CONSTRAINT municipality_pkey PRIMARY KEY (municipality_id);


--
-- Name: otp_email_emaildevice otp_email_emaildevice_pkey; Type: CONSTRAINT; Schema: public; Owner: postgres
--

ALTER TABLE ONLY public.otp_email_emaildevice
    ADD CONSTRAINT otp_email_emaildevice_pkey PRIMARY KEY (id);


--
-- Name: product_car_compatibility product_car_compatibility_pkey; Type: CONSTRAINT; Schema: public; Owner: postgres
--

ALTER TABLE ONLY public.product_car_compatibility
    ADD CONSTRAINT product_car_compatibility_pkey PRIMARY KEY (product_id, model_id, start_year_id, end_year_id);


--
-- Name: product product_pkey; Type: CONSTRAINT; Schema: public; Owner: postgres
--

ALTER TABLE ONLY public.product
    ADD CONSTRAINT product_pkey PRIMARY KEY (product_id);


--
-- Name: product_years product_years_pkey; Type: CONSTRAINT; Schema: public; Owner: postgres
--

ALTER TABLE ONLY public.product_years
    ADD CONSTRAINT product_years_pkey PRIMARY KEY (year_id);


--
-- Name: product_years product_years_year_key; Type: CONSTRAINT; Schema: public; Owner: postgres
--

ALTER TABLE ONLY public.product_years
    ADD CONSTRAINT product_years_year_key UNIQUE (year);


--
-- Name: province province_pkey; Type: CONSTRAINT; Schema: public; Owner: postgres
--

ALTER TABLE ONLY public.province
    ADD CONSTRAINT province_pkey PRIMARY KEY (province_id);


--
-- Name: region region_pkey; Type: CONSTRAINT; Schema: public; Owner: postgres
--

ALTER TABLE ONLY public.region
    ADD CONSTRAINT region_pkey PRIMARY KEY (region_id);


--
-- Name: return_item return_item_pkey; Type: CONSTRAINT; Schema: public; Owner: postgres
--

ALTER TABLE ONLY public.return_item
    ADD CONSTRAINT return_item_pkey PRIMARY KEY (return_id);


--
-- Name: role_type role_type_pkey; Type: CONSTRAINT; Schema: public; Owner: postgres
--

ALTER TABLE ONLY public.role_type
    ADD CONSTRAINT role_type_pkey PRIMARY KEY (role_id);


--
-- Name: sale_details sale_details_pkey; Type: CONSTRAINT; Schema: public; Owner: postgres
--

ALTER TABLE ONLY public.sale_details
    ADD CONSTRAINT sale_details_pkey PRIMARY KEY (sale_detail_id);


--
-- Name: sale sale_pkey; Type: CONSTRAINT; Schema: public; Owner: postgres
--

ALTER TABLE ONLY public.sale
    ADD CONSTRAINT sale_pkey PRIMARY KEY (sale_id);


--
-- Name: status_type status_type_pkey; Type: CONSTRAINT; Schema: public; Owner: postgres
--

ALTER TABLE ONLY public.status_type
    ADD CONSTRAINT status_type_pkey PRIMARY KEY (status_id);


--
-- Name: supplier_email supplier_email_pkey; Type: CONSTRAINT; Schema: public; Owner: postgres
--

ALTER TABLE ONLY public.supplier_email
    ADD CONSTRAINT supplier_email_pkey PRIMARY KEY (email_id);


--
-- Name: supplier supplier_pkey; Type: CONSTRAINT; Schema: public; Owner: postgres
--

ALTER TABLE ONLY public.supplier
    ADD CONSTRAINT supplier_pkey PRIMARY KEY (supplier_id);


--
-- Name: supply_details supply_details_pkey; Type: CONSTRAINT; Schema: public; Owner: postgres
--

ALTER TABLE ONLY public.supply_details
    ADD CONSTRAINT supply_details_pkey PRIMARY KEY (id);


--
-- Name: supply supply_pkey; Type: CONSTRAINT; Schema: public; Owner: postgres
--

ALTER TABLE ONLY public.supply
    ADD CONSTRAINT supply_pkey PRIMARY KEY (supply_id);


--
-- Name: user_cart user_cart_pkey; Type: CONSTRAINT; Schema: public; Owner: postgres
--

ALTER TABLE ONLY public.user_cart
    ADD CONSTRAINT user_cart_pkey PRIMARY KEY (user_id, product_id);


--
-- Name: user_employee user_employee_pkey; Type: CONSTRAINT; Schema: public; Owner: postgres
--

ALTER TABLE ONLY public.user_employee
    ADD CONSTRAINT user_employee_pkey PRIMARY KEY (user_id);


--
-- Name: user_employee user_employee_username_key; Type: CONSTRAINT; Schema: public; Owner: postgres
--

ALTER TABLE ONLY public.user_employee
    ADD CONSTRAINT user_employee_username_key UNIQUE (username);


--
-- Name: user_otp user_otp_pkey; Type: CONSTRAINT; Schema: public; Owner: postgres
--

ALTER TABLE ONLY public.user_otp
    ADD CONSTRAINT user_otp_pkey PRIMARY KEY (id);


--
-- Name: auth_group_name_a6ea08ec_like; Type: INDEX; Schema: public; Owner: postgres
--

CREATE INDEX auth_group_name_a6ea08ec_like ON public.auth_group USING btree (name varchar_pattern_ops);


--
-- Name: auth_group_permissions_group_id_b120cbf9; Type: INDEX; Schema: public; Owner: postgres
--

CREATE INDEX auth_group_permissions_group_id_b120cbf9 ON public.auth_group_permissions USING btree (group_id);


--
-- Name: auth_group_permissions_permission_id_84c5c92e; Type: INDEX; Schema: public; Owner: postgres
--

CREATE INDEX auth_group_permissions_permission_id_84c5c92e ON public.auth_group_permissions USING btree (permission_id);


--
-- Name: auth_permission_content_type_id_2f476e4b; Type: INDEX; Schema: public; Owner: postgres
--

CREATE INDEX auth_permission_content_type_id_2f476e4b ON public.auth_permission USING btree (content_type_id);


--
-- Name: django_admin_log_content_type_id_c4bce8eb; Type: INDEX; Schema: public; Owner: postgres
--

CREATE INDEX django_admin_log_content_type_id_c4bce8eb ON public.django_admin_log USING btree (content_type_id);


--
-- Name: django_admin_log_user_id_c564eba6; Type: INDEX; Schema: public; Owner: postgres
--

CREATE INDEX django_admin_log_user_id_c564eba6 ON public.django_admin_log USING btree (user_id);


--
-- Name: django_session_expire_date_a5c62663; Type: INDEX; Schema: public; Owner: postgres
--

CREATE INDEX django_session_expire_date_a5c62663 ON public.django_session USING btree (expire_date);


--
-- Name: django_session_session_key_c0390e0f_like; Type: INDEX; Schema: public; Owner: postgres
--

CREATE INDEX django_session_session_key_c0390e0f_like ON public.django_session USING btree (session_key varchar_pattern_ops);


--
-- Name: idx_delivery_history_delivery_ts; Type: INDEX; Schema: public; Owner: postgres
--

CREATE INDEX idx_delivery_history_delivery_ts ON public.delivery_history USING btree (delivery_id, timestamp_changed DESC);


--
-- Name: otp_email_emaildevice_user_id_0215c274; Type: INDEX; Schema: public; Owner: postgres
--

CREATE INDEX otp_email_emaildevice_user_id_0215c274 ON public.otp_email_emaildevice USING btree (user_id);


--
-- Name: user_otp_user_id_c742b812; Type: INDEX; Schema: public; Owner: postgres
--

CREATE INDEX user_otp_user_id_c742b812 ON public.user_otp USING btree (user_id);


--
-- Name: address address_barangay_id_fkey; Type: FK CONSTRAINT; Schema: public; Owner: postgres
--

ALTER TABLE ONLY public.address
    ADD CONSTRAINT address_barangay_id_fkey FOREIGN KEY (barangay_id) REFERENCES public.barangay(barangay_id);


--
-- Name: auth_group_permissions auth_group_permissio_permission_id_84c5c92e_fk_auth_perm; Type: FK CONSTRAINT; Schema: public; Owner: postgres
--

ALTER TABLE ONLY public.auth_group_permissions
    ADD CONSTRAINT auth_group_permissio_permission_id_84c5c92e_fk_auth_perm FOREIGN KEY (permission_id) REFERENCES public.auth_permission(id) DEFERRABLE INITIALLY DEFERRED;


--
-- Name: auth_group_permissions auth_group_permissions_group_id_b120cbf9_fk_auth_group_id; Type: FK CONSTRAINT; Schema: public; Owner: postgres
--

ALTER TABLE ONLY public.auth_group_permissions
    ADD CONSTRAINT auth_group_permissions_group_id_b120cbf9_fk_auth_group_id FOREIGN KEY (group_id) REFERENCES public.auth_group(id) DEFERRABLE INITIALLY DEFERRED;


--
-- Name: auth_permission auth_permission_content_type_id_2f476e4b_fk_django_co; Type: FK CONSTRAINT; Schema: public; Owner: postgres
--

ALTER TABLE ONLY public.auth_permission
    ADD CONSTRAINT auth_permission_content_type_id_2f476e4b_fk_django_co FOREIGN KEY (content_type_id) REFERENCES public.django_content_type(id) DEFERRABLE INITIALLY DEFERRED;


--
-- Name: barangay barangay_municipality_id_fkey; Type: FK CONSTRAINT; Schema: public; Owner: postgres
--

ALTER TABLE ONLY public.barangay
    ADD CONSTRAINT barangay_municipality_id_fkey FOREIGN KEY (municipality_id) REFERENCES public.municipality(municipality_id);


--
-- Name: car_models car_models_car_id_fkey; Type: FK CONSTRAINT; Schema: public; Owner: postgres
--

ALTER TABLE ONLY public.car_models
    ADD CONSTRAINT car_models_car_id_fkey FOREIGN KEY (car_id) REFERENCES public.cars(car_id);


--
-- Name: customer customer_address_id_fkey; Type: FK CONSTRAINT; Schema: public; Owner: postgres
--

ALTER TABLE ONLY public.customer
    ADD CONSTRAINT customer_address_id_fkey FOREIGN KEY (address_id) REFERENCES public.address(address_id);


--
-- Name: delivery delivery_address_id_fkey; Type: FK CONSTRAINT; Schema: public; Owner: postgres
--

ALTER TABLE ONLY public.delivery
    ADD CONSTRAINT delivery_address_id_fkey FOREIGN KEY (address_id) REFERENCES public.address(address_id);


--
-- Name: delivery delivery_courier_id_fkey; Type: FK CONSTRAINT; Schema: public; Owner: postgres
--

ALTER TABLE ONLY public.delivery
    ADD CONSTRAINT delivery_courier_id_fkey FOREIGN KEY (courier_id) REFERENCES public.courier(courier_id);


--
-- Name: delivery_history delivery_history_delivery_id_fkey; Type: FK CONSTRAINT; Schema: public; Owner: postgres
--

ALTER TABLE ONLY public.delivery_history
    ADD CONSTRAINT delivery_history_delivery_id_fkey FOREIGN KEY (delivery_id) REFERENCES public.delivery(delivery_id) ON DELETE CASCADE;


--
-- Name: delivery_history delivery_history_status_id_fkey; Type: FK CONSTRAINT; Schema: public; Owner: postgres
--

ALTER TABLE ONLY public.delivery_history
    ADD CONSTRAINT delivery_history_status_id_fkey FOREIGN KEY (status_id) REFERENCES public.delivery_statuses(status_id) ON DELETE RESTRICT;


--
-- Name: delivery_history delivery_history_user_id_fkey; Type: FK CONSTRAINT; Schema: public; Owner: postgres
--

ALTER TABLE ONLY public.delivery_history
    ADD CONSTRAINT delivery_history_user_id_fkey FOREIGN KEY (user_id) REFERENCES public.user_employee(user_id);


--
-- Name: delivery delivery_sale_id_fkey; Type: FK CONSTRAINT; Schema: public; Owner: postgres
--

ALTER TABLE ONLY public.delivery
    ADD CONSTRAINT delivery_sale_id_fkey FOREIGN KEY (sale_id) REFERENCES public.sale(sale_id);


--
-- Name: delivery delivery_status_id_fkey; Type: FK CONSTRAINT; Schema: public; Owner: postgres
--

ALTER TABLE ONLY public.delivery
    ADD CONSTRAINT delivery_status_id_fkey FOREIGN KEY (status_id) REFERENCES public.status_type(status_id);


--
-- Name: django_admin_log django_admin_log_content_type_id_c4bce8eb_fk_django_co; Type: FK CONSTRAINT; Schema: public; Owner: postgres
--

ALTER TABLE ONLY public.django_admin_log
    ADD CONSTRAINT django_admin_log_content_type_id_c4bce8eb_fk_django_co FOREIGN KEY (content_type_id) REFERENCES public.django_content_type(id) DEFERRABLE INITIALLY DEFERRED;


--
-- Name: address fk_address_user; Type: FK CONSTRAINT; Schema: public; Owner: postgres
--

ALTER TABLE ONLY public.address
    ADD CONSTRAINT fk_address_user FOREIGN KEY (user_id) REFERENCES public.user_employee(user_id) ON DELETE CASCADE;


--
-- Name: delivery fk_delivery_current_status; Type: FK CONSTRAINT; Schema: public; Owner: postgres
--

ALTER TABLE ONLY public.delivery
    ADD CONSTRAINT fk_delivery_current_status FOREIGN KEY (status_id) REFERENCES public.delivery_statuses(status_id) ON DELETE RESTRICT;


--
-- Name: mode_payment mode_payment_merchant_id_fkey; Type: FK CONSTRAINT; Schema: public; Owner: postgres
--

ALTER TABLE ONLY public.mode_payment
    ADD CONSTRAINT mode_payment_merchant_id_fkey FOREIGN KEY (merchant_id) REFERENCES public.merchant(merchant_id);


--
-- Name: mode_payment mode_payment_sale_id_fkey; Type: FK CONSTRAINT; Schema: public; Owner: postgres
--

ALTER TABLE ONLY public.mode_payment
    ADD CONSTRAINT mode_payment_sale_id_fkey FOREIGN KEY (sale_id) REFERENCES public.sale(sale_id);


--
-- Name: municipality municipality_province_id_fkey; Type: FK CONSTRAINT; Schema: public; Owner: postgres
--

ALTER TABLE ONLY public.municipality
    ADD CONSTRAINT municipality_province_id_fkey FOREIGN KEY (province_id) REFERENCES public.province(province_id);


--
-- Name: product product_brand_id_fkey; Type: FK CONSTRAINT; Schema: public; Owner: postgres
--

ALTER TABLE ONLY public.product
    ADD CONSTRAINT product_brand_id_fkey FOREIGN KEY (brand_id) REFERENCES public.brand(brand_id);


--
-- Name: product_car_compatibility product_car_compatibility_end_year_id_fkey; Type: FK CONSTRAINT; Schema: public; Owner: postgres
--

ALTER TABLE ONLY public.product_car_compatibility
    ADD CONSTRAINT product_car_compatibility_end_year_id_fkey FOREIGN KEY (end_year_id) REFERENCES public.product_years(year_id);


--
-- Name: product_car_compatibility product_car_compatibility_model_id_fkey; Type: FK CONSTRAINT; Schema: public; Owner: postgres
--

ALTER TABLE ONLY public.product_car_compatibility
    ADD CONSTRAINT product_car_compatibility_model_id_fkey FOREIGN KEY (model_id) REFERENCES public.car_models(model_id);


--
-- Name: product_car_compatibility product_car_compatibility_product_id_fkey; Type: FK CONSTRAINT; Schema: public; Owner: postgres
--

ALTER TABLE ONLY public.product_car_compatibility
    ADD CONSTRAINT product_car_compatibility_product_id_fkey FOREIGN KEY (product_id) REFERENCES public.product(product_id);


--
-- Name: product_car_compatibility product_car_compatibility_start_year_id_fkey; Type: FK CONSTRAINT; Schema: public; Owner: postgres
--

ALTER TABLE ONLY public.product_car_compatibility
    ADD CONSTRAINT product_car_compatibility_start_year_id_fkey FOREIGN KEY (start_year_id) REFERENCES public.product_years(year_id);


--
-- Name: product product_category_id_fkey; Type: FK CONSTRAINT; Schema: public; Owner: postgres
--

ALTER TABLE ONLY public.product
    ADD CONSTRAINT product_category_id_fkey FOREIGN KEY (category_id) REFERENCES public.category(category_id);


--
-- Name: province province_region_id_fkey; Type: FK CONSTRAINT; Schema: public; Owner: postgres
--

ALTER TABLE ONLY public.province
    ADD CONSTRAINT province_region_id_fkey FOREIGN KEY (region_id) REFERENCES public.region(region_id);


--
-- Name: return_item return_item_product_id_fkey; Type: FK CONSTRAINT; Schema: public; Owner: postgres
--

ALTER TABLE ONLY public.return_item
    ADD CONSTRAINT return_item_product_id_fkey FOREIGN KEY (product_id) REFERENCES public.product(product_id);


--
-- Name: return_item return_item_sale_id_fkey; Type: FK CONSTRAINT; Schema: public; Owner: postgres
--

ALTER TABLE ONLY public.return_item
    ADD CONSTRAINT return_item_sale_id_fkey FOREIGN KEY (sale_id) REFERENCES public.sale(sale_id);


--
-- Name: sale sale_customer_id_fkey; Type: FK CONSTRAINT; Schema: public; Owner: postgres
--

ALTER TABLE ONLY public.sale
    ADD CONSTRAINT sale_customer_id_fkey FOREIGN KEY (customer_id) REFERENCES public.customer(customer_id);


--
-- Name: sale_details sale_details_product_id_fkey; Type: FK CONSTRAINT; Schema: public; Owner: postgres
--

ALTER TABLE ONLY public.sale_details
    ADD CONSTRAINT sale_details_product_id_fkey FOREIGN KEY (product_id) REFERENCES public.product(product_id);


--
-- Name: sale_details sale_details_sale_id_fkey; Type: FK CONSTRAINT; Schema: public; Owner: postgres
--

ALTER TABLE ONLY public.sale_details
    ADD CONSTRAINT sale_details_sale_id_fkey FOREIGN KEY (sale_id) REFERENCES public.sale(sale_id);


--
-- Name: supplier_email supplier_email_supplier_id_fkey; Type: FK CONSTRAINT; Schema: public; Owner: postgres
--

ALTER TABLE ONLY public.supplier_email
    ADD CONSTRAINT supplier_email_supplier_id_fkey FOREIGN KEY (supplier_id) REFERENCES public.supplier(supplier_id);


--
-- Name: supply_details supply_details_condition_id_fkey; Type: FK CONSTRAINT; Schema: public; Owner: postgres
--

ALTER TABLE ONLY public.supply_details
    ADD CONSTRAINT supply_details_condition_id_fkey FOREIGN KEY (condition_id) REFERENCES public.condition_item(condition_id);


--
-- Name: supply_details supply_details_product_id_fkey; Type: FK CONSTRAINT; Schema: public; Owner: postgres
--

ALTER TABLE ONLY public.supply_details
    ADD CONSTRAINT supply_details_product_id_fkey FOREIGN KEY (product_id) REFERENCES public.product(product_id);


--
-- Name: supply_details supply_details_supply_id_fkey; Type: FK CONSTRAINT; Schema: public; Owner: postgres
--

ALTER TABLE ONLY public.supply_details
    ADD CONSTRAINT supply_details_supply_id_fkey FOREIGN KEY (supply_id) REFERENCES public.supply(supply_id) ON DELETE CASCADE;


--
-- Name: supply supply_supplier_id_fkey; Type: FK CONSTRAINT; Schema: public; Owner: postgres
--

ALTER TABLE ONLY public.supply
    ADD CONSTRAINT supply_supplier_id_fkey FOREIGN KEY (supplier_id) REFERENCES public.supplier(supplier_id);


--
-- Name: user_cart user_cart_product_id_fkey; Type: FK CONSTRAINT; Schema: public; Owner: postgres
--

ALTER TABLE ONLY public.user_cart
    ADD CONSTRAINT user_cart_product_id_fkey FOREIGN KEY (product_id) REFERENCES public.product(product_id) ON DELETE RESTRICT;


--
-- Name: user_cart user_cart_user_id_fkey; Type: FK CONSTRAINT; Schema: public; Owner: postgres
--

ALTER TABLE ONLY public.user_cart
    ADD CONSTRAINT user_cart_user_id_fkey FOREIGN KEY (user_id) REFERENCES public.user_employee(user_id) ON DELETE CASCADE;


--
-- Name: user_employee user_employee_role_id_fk; Type: FK CONSTRAINT; Schema: public; Owner: postgres
--

ALTER TABLE ONLY public.user_employee
    ADD CONSTRAINT user_employee_role_id_fk FOREIGN KEY (role_id) REFERENCES public.role_type(role_id) DEFERRABLE INITIALLY DEFERRED;


--
-- PostgreSQL database dump complete
--

\unrestrict 3G3ffL2qjmk6PSv2GoURgG05g6m1XaCiA4CxXdJSy6ewugfeLQUMXzZXhKCNbWC

